species,lifeform
Acaena inermis,chamaephyte
Acaena novae-zelandiae,chamaephyte
Acaena ovalifolia,chamaephyte
Achillea millefolium,chamaephyte
Amoria repens,chamaephyte
Anagallis arvensis,chamaephyte
Anagallis tenella,chamaephyte
Andromeda polifolia,chamaephyte
Antennaria dioica,chamaephyte
Arabidopsis lyrata subsp. petraea,chamaephyte
Arabis alpina,chamaephyte
Arabis alpina subsp. caucasica,chamaephyte
Arabis caucasica,chamaephyte
Arabis petraea,chamaephyte
Arabis scabra,chamaephyte
Arabis stricta,chamaephyte
Arctostaphylos alpinus,chamaephyte
Arctostaphylos uva-ursi,chamaephyte
Arctous alpinus,chamaephyte
Arenaria ciliata,chamaephyte
Arenaria norvegica,chamaephyte
Arenaria norvegica,chamaephyte
Armeria maritima,chamaephyte
Artemisia absinthium,chamaephyte
Artemisia campestris,chamaephyte
Artemisia maritima,chamaephyte
Arthrocnemon perenne,chamaephyte
Atriplex portulacoides,chamaephyte
Avenochloa pratensis,chamaephyte
Avenula pratensis,chamaephyte
Betula nana,chamaephyte
Brachypodium pinnatum,chamaephyte
Brassica campestris,chamaephyte
Brassica napus,chamaephyte
Brassica oleracea,chamaephyte
Brassica rapa,chamaephyte
Buglossoides purpurocaerulea,chamaephyte
Calluna vulgaris,chamaephyte
Cardaminopsis petraea,chamaephyte
Carpobrotus edulis,chamaephyte
Centaurium portense,chamaephyte
Centaurium scilloides,chamaephyte
Cerastium alpinum,chamaephyte
Cerastium arcticum,chamaephyte
Cerastium arvense,chamaephyte
Cerastium cerastoides,chamaephyte
Cerastium fontanum,chamaephyte
Cerastium holosteoides,chamaephyte
Cerastium nigrescens,chamaephyte
Cerastium nigrescens subsp. arcticum,chamaephyte
Cerastium tomentosum,chamaephyte
Cerastium triviale,chamaephyte
Cheiranthus cheiri,chamaephyte
Cherleria sedoides,chamaephyte
Chrysosplenium oppositifolium,chamaephyte
Cochlearia alpina,chamaephyte
Cochlearia atlantica,chamaephyte
Cochlearia groenlandica,chamaephyte
Cochlearia islandica,chamaephyte
Cochlearia micacea,chamaephyte
Cochlearia officinalis,chamaephyte
Cochlearia officinalis subsp. alpina,chamaephyte
Cochlearia scotica,chamaephyte
Coincya wrightii,chamaephyte
Cymbalaria muralis,chamaephyte
Cymbalaria pallida,chamaephyte
Daboecia cantabrica,chamaephyte
Dianthus caesius,chamaephyte
Dianthus deltoides,chamaephyte
Dianthus gratianopolitanus,chamaephyte
Dianthus plumarius,chamaephyte
Diapensia lapponica,chamaephyte
Diphasiastrum x issleri,chamaephyte
Diphasiastrum alpinum,chamaephyte
Diphasiastrum complanatum,chamaephyte
Diplotaxis tenuifolia,chamaephyte
Draba aizoides,chamaephyte
Draba incana,chamaephyte
Draba norvegica,chamaephyte
Draba rupestris,chamaephyte
Dryas octopetala,chamaephyte
Epilobium adenocaulon,chamaephyte
Epilobium adnatum,chamaephyte
Epilobium ciliatum,chamaephyte
Epilobium lamyi,chamaephyte
Epilobium lanceolatum,chamaephyte
Epilobium montanum,chamaephyte
Epilobium obscurum,chamaephyte
Epilobium parviflorum,chamaephyte
Epilobium roseum,chamaephyte
Epilobium semiadnatum,chamaephyte
Epilobium tetragonum,chamaephyte
Equisetum telmateia,chamaephyte
Erica ciliaris,chamaephyte
Erica cinerea,chamaephyte
Erica mackaiana,chamaephyte
Erica tetralix,chamaephyte
Erigeron borealis,chamaephyte
Erigeron karvinskianus,chamaephyte
Erigeron mucronatus,chamaephyte
Erinus alpinus,chamaephyte
Erysimum cheiri,chamaephyte
Euphorbia paralias,chamaephyte
Euphorbia portlandica,chamaephyte
Festuca pratensis,chamaephyte
Frankenia laevis,chamaephyte
Galeobdolon luteum,chamaephyte
Genista pilosa,chamaephyte
Gentiana verna,chamaephyte
Gnaphalium supinum,chamaephyte
Halimione portulacoides,chamaephyte
Hebe elliptica,chamaephyte
Hebe salicifolia,chamaephyte
Hebe speciosa,chamaephyte
Hebe x franciscana,chamaephyte
Hedera helix,chamaephyte
Helianthemum apenninum,chamaephyte
Helianthemum canum,chamaephyte
Helianthemum chamaecistus,chamaephyte
Helianthemum nummularium,chamaephyte
Helictotrichon pratense,chamaephyte
Helleborus foetidus,chamaephyte
Helxine soleirolii,chamaephyte
Herniaria ciliolata,chamaephyte
Hippocrepis comosa,chamaephyte
Huperzia selago,chamaephyte
Hutera wrightii,chamaephyte
Hymenophyllum tunbrigense,chamaephyte
Hymenophyllum wilsonii,chamaephyte
Hypericum calycinum,chamaephyte
Hypericum humifusum,chamaephyte
Hypericum linariifolium,chamaephyte
Inula crithmoides,chamaephyte
Iris foetidissima,chamaephyte
Juncus foliosus,chamaephyte
Kalmia procumbens,chamaephyte
Koeleria vallesiana,chamaephyte
Lamiastrum galeobdolon,chamaephyte
Lamium galeobdolon,chamaephyte
Lepidotis inundata,chamaephyte
Linnaea borealis,chamaephyte
Lithospermum purpurocaeruleum,chamaephyte
Loiseleuria procumbens,chamaephyte
Lychnis alpina,chamaephyte
Lychnis viscaria,chamaephyte
Lycopodiella inundata,chamaephyte
Lycopodium alpinum,chamaephyte
Lycopodium alpinum L var decipiens,chamaephyte
Lycopodium annotinum,chamaephyte
Lycopodium clavatum,chamaephyte
Lycopodium inundatum,chamaephyte
Lycopodium issleri,chamaephyte
Lycopodium selago,chamaephyte
Lysimachia nemorum,chamaephyte
Lysimachia nummularia,chamaephyte
Matricaria maritima,chamaephyte
Matthiola incana,chamaephyte
Minuartia recurva,chamaephyte
Minuartia rubella,chamaephyte
Minuartia sedoides,chamaephyte
Minuartia stricta,chamaephyte
Minuartia verna,chamaephyte
Moneses uniflora,chamaephyte
Myosoton aquaticum,chamaephyte
Noccaea caerulescens,chamaephyte
Ochagavia carnea,chamaephyte
Omalotheca supinum,chamaephyte
Ononis campestris,chamaephyte
Ononis repens,chamaephyte
Ononis repens subsp. maritima,chamaephyte
Ononis repens subsp. spinosa,chamaephyte
Ononis spinosa,chamaephyte
Origanum vulgare,chamaephyte
Orthilia secunda,chamaephyte
Oxalis acetosella,chamaephyte
Oxalis corniculata,chamaephyte
Oxycoccos palustris,chamaephyte
Oxycoccus macrocarpus,chamaephyte
Oxycoccus microcarpus,chamaephyte
Phyllodoce caerulea,chamaephyte
Poa trivialis,chamaephyte
Polygala amara,chamaephyte
Polygala amarella,chamaephyte
Polygala austriaca,chamaephyte
Polygala calcarea,chamaephyte
Polygala serpyllifolia,chamaephyte
Polygala vulgaris,chamaephyte
Pyrola minor,chamaephyte
Pyrola secunda,chamaephyte
Ramischia secunda,chamaephyte
Rhynchosinapis wrightii,chamaephyte
Rubia peregrina,chamaephyte
Sagina boydii,chamaephyte
Sagina glabra,chamaephyte
Sagina intermedia,chamaephyte
Sagina nivalis,chamaephyte
Sagina nodosa,chamaephyte
Sagina pilifera,chamaephyte
Sagina saginoides,chamaephyte
Sagina saginoides subsp. scotica,chamaephyte
Sagina subulata,chamaephyte
Sagina x normaniana = S. saginoides x S. procumbens,chamaephyte
Salicornia perennis,chamaephyte
Salix herbacea,chamaephyte
Salix reticulata,chamaephyte
Sarcocornia perennis,chamaephyte
Sasa palmata,chamaephyte
Saussurea alpina,chamaephyte
Saxifraga aizoides,chamaephyte
Saxifraga cespitosa,chamaephyte
Saxifraga decipiens,chamaephyte
Saxifraga hypnoides,chamaephyte
Saxifraga oppositifolia,chamaephyte
Saxifraga platypetala,chamaephyte
Saxifraga rosacea,chamaephyte
Saxifraga stellaris,chamaephyte
Scleranthus perennis,chamaephyte
Sedum acre,chamaephyte
Sedum album,chamaephyte
Sedum anglicum,chamaephyte
Sedum elegans,chamaephyte
Sedum forsterianum,chamaephyte
Sedum reflexum,chamaephyte
Sedum rupestre,chamaephyte
Sedum spurium,chamaephyte
Sedum villosum,chamaephyte
Selaginella selaginoides,chamaephyte
Seriphidium maritimum,chamaephyte
Sibthorpia europaea,chamaephyte
Silene acaulis,chamaephyte
Silene dioica,chamaephyte
Silene suecica,chamaephyte
Solanum dulcamara,chamaephyte
Soleirolia soleirolii,chamaephyte
Spergularia marginata,chamaephyte
Spergularia maritima,chamaephyte
Spergularia media,chamaephyte
Spergularia rupicola,chamaephyte
Stellaria aquatica,chamaephyte
Stellaria holostea,chamaephyte
Steris alpina,chamaephyte
Steris viscaria,chamaephyte
Thesium humifusum,chamaephyte
Thlaspi alpestre,chamaephyte
Thlaspi caerulescens,chamaephyte
Thlaspi calaminare,chamaephyte
Thymus drucei,chamaephyte
Thymus polytrichus,chamaephyte
Thymus praecox,chamaephyte
Thymus pulegioides,chamaephyte
Thymus serpyllum,chamaephyte
Trichomanes speciosum,chamaephyte
Trifolium repens,chamaephyte
Tripleurospermum maritimum,chamaephyte
Vaccinium macrocarpon,chamaephyte
Vaccinium microcarpum,chamaephyte
Vaccinium myrtillus,chamaephyte
Vaccinium oxycoccos,chamaephyte
Vaccinium uliginosum,chamaephyte
Vaccinium vitis-idaea,chamaephyte
Veronica alpina,chamaephyte
Veronica chamaedrys,chamaephyte
Veronica filiformis,chamaephyte
Veronica fruticans,chamaephyte
Veronica montana,chamaephyte
Veronica officinalis,chamaephyte
Veronica salicifolia,chamaephyte
Veronica spicata,chamaephyte
Vinca minor,chamaephyte
Viscaria alpina,chamaephyte
Viscaria vulgaris,chamaephyte
Viscum album,epiphyte
Aceras anthropophorum,geophyte
Aconitum anglicum,geophyte
Aconitum napellus,geophyte
Actaea spicata,geophyte
Adoxa moschatellina,geophyte
Agapanthus praecox,geophyte
Allium carinatum,geophyte
Allium oleraceum,geophyte
Allium schoenoprasum,geophyte
Allium scorodoprasum,geophyte
Allium sphaerocephalon,geophyte
Allium triquetrum,geophyte
Allium ursinum,geophyte
Allium vineale,geophyte
Ammophila arenaria,geophyte
Anacamptis morio,geophyte
Anacamptis pyramidalis,geophyte
Anemone nemorosa,geophyte
Aristolochia clematitis,geophyte
Arum italicum,geophyte
Arum maculatum,geophyte
Asparagus officinalis,geophyte
Asparagus officinalis subsp. officinalis,geophyte
Asperula odorata,geophyte
Botrychium lunaria,geophyte
Bryonia cretica,geophyte
Bryonia cretica subsp. dioica,geophyte
Bryonia dioica,geophyte
Bunium bulbocastanum,geophyte
Cardamine bulbifera,geophyte
Cardaria draba,geophyte
Cephalanthera damasonium,geophyte
Cephalanthera longifolia,geophyte
Cephalanthera rubra,geophyte
Circaea alpina,geophyte
Circaea lutetiana,geophyte
Circaea x intermedia,geophyte
Cirsium arvense,geophyte
Cirsium tuberosum,geophyte
Coeloglossum viride,geophyte
Colchicum autumnale,geophyte
Conopodium denudatum,geophyte
Conopodium majus,geophyte
Convallaria majalis,geophyte
Convolvulus arvensis,geophyte
Corallorhiza trifida,geophyte
Crambe maritima,geophyte
Crocosmia x crocosmiiflora = C. potsii x C. aurea,geophyte
Crocus nudiflorus,geophyte
Crocus vernus,geophyte
Cypripedium calceolus,geophyte
Dactylorchis fuchsii,geophyte
Dactylorchis incarnata,geophyte
Dactylorchis maculata,geophyte
Dactylorchis majalis,geophyte
Dactylorchis traunsteineri,geophyte
Dactylorhiza fuchsii,geophyte
Dactylorhiza incarnata,geophyte
Dactylorhiza kerryensis,geophyte
Dactylorhiza longebracteata,geophyte
Dactylorhiza maculata,geophyte
Dactylorhiza maculata subsp. fuchsii,geophyte
Dactylorhiza majalis,geophyte
Dactylorhiza traunsteineri,geophyte
Dactylorhiza traunsteinerioides,geophyte
Dentaria bulbifera,geophyte
Ecballium elaterium,geophyte
Endymion non-scriptus,geophyte
Epipactis atrorubens,geophyte
Epipactis cambrensis,geophyte
Epipactis cleistogama,geophyte
Epipactis confusa,geophyte
Epipactis dunensis,geophyte
Epipactis helleborine,geophyte
Epipactis leptochila,geophyte
Epipactis muelleri,geophyte
Epipactis palustris,geophyte
Epipactis pendula,geophyte
Epipactis phyllanthes,geophyte
Epipactis purpurata,geophyte
Epipactis vectensis,geophyte
Epipogium aphyllum,geophyte
Equisetum arvense,geophyte
Equisetum hyemale,geophyte
Equisetum palustre,geophyte
Equisetum pratense,geophyte
Equisetum ramosissimum,geophyte
Equisetum sylvaticum,geophyte
Equisetum variegatum,geophyte
Eranthis hyemalis,geophyte
Fallopia japonica,geophyte
Fallopia sachalinensis,geophyte
Ficaria verna,geophyte
Fritillaria meleagris,geophyte
Gagea bohemica,geophyte
Gagea lutea,geophyte
Galanthus elwesii,geophyte
Galanthus nivalis,geophyte
Galium odoratum,geophyte
Gladiolus illyricus,geophyte
Goodyera repens,geophyte
Gymnadenia conopsea,geophyte
Gymnocarpium dryopteris,geophyte
Gymnocarpium robertianum,geophyte
Hammarbya paludosa,geophyte
Herminium monorchis,geophyte
Himantoglossum hircinum,geophyte
Homogyne alpina,geophyte
Hyacinthoides non-scripta,geophyte
Isoetes histrix,geophyte
Juncus balticus,geophyte
Juncus compressus,geophyte
Juncus gerardii,geophyte
Juncus maritimus,geophyte
Lathraea squamaria,geophyte
Lepidium draba,geophyte
Leucojum aestivum,geophyte
Leucojum vernum,geophyte
Leucorchis albida,geophyte
Lilium martagon,geophyte
Lilium pyrenaicum,geophyte
Liparis loeselii,geophyte
Listera cordata,geophyte
Listera ovata,geophyte
Lloydia serotina,geophyte
Maianthemum bifolium,geophyte
Maianthemum kamtschaticum,geophyte
Malaxis paludosa,geophyte
Monotropa hypopitys,geophyte
Muscari atlanticum,geophyte
Muscari neglectum,geophyte
Muscari racemosum,geophyte
Narcissus pseudonarcissus,geophyte
Neotinea intacta,geophyte
Neotinea maculata,geophyte
Neotinea ustulata,geophyte
Neottia cordata,geophyte
Neottia nidus-avis,geophyte
Neottia ovata,geophyte
Oenanthe crocata,geophyte
Ophioglossum azoricum,geophyte
Ophioglossum lusitanicum,geophyte
Ophrys apifera,geophyte
Ophrys fuciflora,geophyte
Ophrys holoserica,geophyte
Ophrys insectifera,geophyte
Ophrys sphegodes,geophyte
Orchis anthropophora,geophyte
Orchis latifolia var eborensis,geophyte
Orchis mascula,geophyte
Orchis militaris,geophyte
Orchis morio,geophyte
Orchis purpurea,geophyte
Orchis simia,geophyte
Orchis ustulata,geophyte
Ornithogalum angustifolium,geophyte
Ornithogalum pyrenaicum,geophyte
Ornithogalum umbellatum,geophyte
Orobanche alba,geophyte
Orobanche artemisiae-campestris,geophyte
Orobanche caryophyllacea,geophyte
Orobanche elatior,geophyte
Orobanche hederae,geophyte
Orobanche loricata,geophyte
Orobanche minor,geophyte
Orobanche picridis,geophyte
Orobanche purpurea,geophyte
Orobanche rapum-genistae,geophyte
Orobanche rapum-genistae,geophyte
Orobanche reticulata,geophyte
Oxalis pes-caprae,geophyte
Paris quadrifolia,geophyte
Persicaria polystachya,geophyte
Persicaria wallichii,geophyte
Petasites albus,geophyte
Petasites fragrans,geophyte
Petasites hybridus,geophyte
Petasites japonicus,geophyte
Phegopteris connectilis,geophyte
Platanthera bifolia,geophyte
Platanthera chlorantha,geophyte
Polygonatum multiflorum,geophyte
Polygonatum odoratum,geophyte
Polygonatum verticillatum,geophyte
Polygonum cuspidatum,geophyte
Polygonum polystachyum,geophyte
Polygonum sachalinense,geophyte
Polypodium cambricum,geophyte
Polypodium interjectum,geophyte
Polypodium vulgare,geophyte
Pseudorchis albida,geophyte
Pteridium aquilinum,geophyte
Ranunculus auricomus,geophyte
Reynoutria japonica,geophyte
Reynoutria sachalinensis,geophyte
Romulea columnae,geophyte
Rudbeckia laciniata,geophyte
Scilla autumnalis,geophyte
Scilla verna,geophyte
Simethis planifolia,geophyte
Spergularia marginata,geophyte
Spergularia maritima,geophyte
Spergularia media,geophyte
Spiranthes romanzoffiana,geophyte
Spiranthes spiralis,geophyte
Stachys palustris,geophyte
Tamus communis,geophyte
Thelypteris dryopteris,geophyte
Thelypteris palustris,geophyte
Thelypteris phegopteris,geophyte
Thelypteris robertiana,geophyte
Tragopogon pratensis,geophyte
Trientalis europaea,geophyte
Tritonia crocosmiflora,geophyte
Tulipa sylvestris,geophyte
Tussilago farfara,geophyte
Acorus calamus,helophyte
Acorus gramineus,helophyte
Alisma gramineum,helophyte
Alisma lanceolatum,helophyte
Alisma plantago-aquatica,helophyte
Apium nodiflorum,helophyte
Apium repens,helophyte
Aracium paludosum,helophyte
Aster tripolium,helophyte
Baldellia ranunculoides,helophyte
Berula erecta,helophyte
Blysmus compressus,helophyte
Blysmus rufus,helophyte
Bolboschoenus maritimus,helophyte
Butomus umbellatus,helophyte
Carex acuta,helophyte
Carex acutiformis,helophyte
Carex aquatilis,helophyte
Carex buxbaumii,helophyte
Carex canescens subsp. canescens,helophyte
Carex chordorrhiza,helophyte
Carex curta,helophyte
Carex echinata,helophyte
Carex elata,helophyte
Carex elongata,helophyte
Carex lachenalii,helophyte
Carex lasiocarpa,helophyte
Carex limosa,helophyte
Carex magellanica,helophyte
Carex microglochin,helophyte
Carex nigra,helophyte
Carex norvegica,helophyte
Carex paniculata,helophyte
Carex pauciflora,helophyte
Carex paupercula,helophyte
Carex pseudocyperus,helophyte
Carex pulicaris,helophyte
Carex rariflora,helophyte
Carex recta,helophyte
Carex riparia,helophyte
Carex rostrata,helophyte
Carex vesicaria,helophyte
Catabrosa aquatica,helophyte
Cicuta virosa,helophyte
Cirsium dissectum,helophyte
Cladium mariscus,helophyte
Cnicus pratensis,helophyte
Comarum palustre,helophyte
Crepis paludosa,helophyte
Cyperus longus,helophyte
Drosera anglica,helophyte
Drosera longifolia,helophyte
Drosera rotundifolia,helophyte
Elatine hexandra,helophyte
Eleocharis acicularis,helophyte
Eleocharis austriaca,helophyte
Eleocharis mamillata subsp. austriaca,helophyte
Eleocharis multicaulis,helophyte
Eleocharis palustris,helophyte
Eleocharis parvula,helophyte
Eleocharis quinqueflora,helophyte
Eleocharis uniglumis,helophyte
Equisetum fluviatile,helophyte
Eriocaulon aquaticum,helophyte
Eriocaulon septangulare,helophyte
Eriophorum angustifolium,helophyte
Eriophorum gracile,helophyte
Eriophorum latifolium,helophyte
Eriophorum vaginatum,helophyte
Eupatorium cannabinum,helophyte
Galium constrictum,helophyte
Galium debile,helophyte
Galium elongatum,helophyte
Galium elongatum,helophyte
Galium palustre,helophyte
Galium palustre,helophyte
Galium uliginosum,helophyte
Glyceria declinata,helophyte
Glyceria fluitans,helophyte
Glyceria maxima,helophyte
Glyceria notata,helophyte
Glyceria plicata,helophyte
Hieracium paludosum,helophyte
Holoschoenus vulgaris,helophyte
Hypericum elodes,helophyte
Iris pseudacorus,helophyte
Iris versicolor,helophyte
Isolepis setacea,helophyte
Juncus acutiflorus,helophyte
Juncus articulatus,helophyte
Juncus bulbosus,helophyte
Juncus castaneus,helophyte
Juncus filiformis,helophyte
Juncus kochii,helophyte
Juncus subnodulosus,helophyte
Leersia oryzoides,helophyte
Ludwigia palustris,helophyte
Lycopus europaeus,helophyte
Lysichiton americanus,helophyte
Lysimachia thyrsiflora,helophyte
Lysimachia vulgaris,helophyte
Lythrum salicaria,helophyte
Mentha aquatica,helophyte
Mentha hirsuta,helophyte
Menyanthes trifoliata,helophyte
Mimulus guttatus,helophyte
Mimulus luteus,helophyte
Mimulus variegatus,helophyte
Montia fontana,helophyte
Myosotis brevifolia,helophyte
Myosotis cespitosa,helophyte
Myosotis laxa,helophyte
Myosotis palustris,helophyte
Myosotis repens,helophyte
Myosotis scorpioides,helophyte
Myosotis secunda,helophyte
Myosotis stolonifera,helophyte
Myosotis strigulosa,helophyte
Narthecium ossifragum,helophyte
Nasturtium microphyllum,helophyte
Nasturtium officinale,helophyte
Nasturtium palustre,helophyte
Naumburgia thyrsiflora,helophyte
Oenanthe fistulosa,helophyte
Phalaris arundinacea,helophyte
Phragmites australis,helophyte
Phragmites communis,helophyte
Pilularia globulifera,helophyte
Potentilla palustris,helophyte
Ranunculus flammula,helophyte
Ranunculus lingua,helophyte
Ranunculus sceleratus,helophyte
Rhynchospora alba,helophyte
Rhynchospora fusca,helophyte
Rorippa amphibia,helophyte
Rorippa islandica,helophyte
Rorippa microphylla,helophyte
Rorippa nasturtium-aquaticum,helophyte
Rorippa palustris,helophyte
Rorippa sylvestris,helophyte
Rumex aquaticus,helophyte
Rumex hydrolapathum,helophyte
Sarracenia purpurea,helophyte
Scheuchzeria palustris,helophyte
Schoenoplectus triqueter,helophyte
Scirpoides holoschoenus,helophyte
Scirpus cespitosus,helophyte
Scirpus holoschoenus,helophyte
Scirpus maritimus,helophyte
Scirpus setaceus,helophyte
Scirpus sylvaticus,helophyte
Scirpus triqueter,helophyte
Senecio fluviatilis,helophyte
Senecio paludosus,helophyte
Sium latifolium,helophyte
Sparganium emersum,helophyte
Spartina alterniflora,helophyte
Spartina anglica,helophyte
Spartina glabra,helophyte
Spartina maritima,helophyte
Spartina x townsendii,helophyte
Stellaria alsine,helophyte
Stellaria palustris,helophyte
Stellaria uliginosa,helophyte
Tofieldia pusilla,helophyte
Trichophorum cespitosum,helophyte
Triglochin maritima,helophyte
Triglochin maritimum,helophyte
Triglochin palustre,helophyte
Triglochin palustris,helophyte
Veronica anagallis-aquatica,helophyte
Veronica beccabunga,helophyte
Veronica catenata,helophyte
Veronica scutellata,helophyte
Achillea ptarmica,hemicryptophyte
Acroptilon repens,hemicryptophyte
Adiantum capillus-veneris,hemicryptophyte
Aegopodium podagraria,hemicryptophyte
Agrimonia agrimonioides,hemicryptophyte
Agrimonia eupatoria,hemicryptophyte
Agrimonia odorata,hemicryptophyte
Agrimonia procera,hemicryptophyte
Agrimonia repens,hemicryptophyte
Agropyron caninum,hemicryptophyte
Agropyron donianum,hemicryptophyte
Agropyron junceiforme,hemicryptophyte
Agropyron junceum,hemicryptophyte
Agropyron pungens,hemicryptophyte
Agropyron pycnanthum,hemicryptophyte
Agropyron repens,hemicryptophyte
Agrostis canina,hemicryptophyte
Agrostis canina subsp. montana,hemicryptophyte
Agrostis capillaris,hemicryptophyte
Agrostis castellana,hemicryptophyte
Agrostis curtisii,hemicryptophyte
Agrostis gigantea,hemicryptophyte
Agrostis hyemalis,hemicryptophyte
Agrostis scabra,hemicryptophyte
Agrostis setacea,hemicryptophyte
Agrostis stolonifera,hemicryptophyte
Agrostis tenuis,hemicryptophyte
Agrostis vinealis,hemicryptophyte
Ajuga chamaepitys,hemicryptophyte
Ajuga pyramidalis,hemicryptophyte
Ajuga reptans,hemicryptophyte
Alchemilla acutiloba,hemicryptophyte
Alchemilla alpina,hemicryptophyte
Alchemilla filicaulis,hemicryptophyte
Alchemilla glabra,hemicryptophyte
Alchemilla glaucescens,hemicryptophyte
Alchemilla glomerulans,hemicryptophyte
Alchemilla minima,hemicryptophyte
Alchemilla minor,hemicryptophyte
Alchemilla monticola,hemicryptophyte
Alchemilla obtusa,hemicryptophyte
Alchemilla subcrenata,hemicryptophyte
Alchemilla vestita,hemicryptophyte
Alchemilla wichurae,hemicryptophyte
Alchemilla xanthochlora,hemicryptophyte
Alliaria petiolata,hemicryptophyte
Alopecurus aequalis,hemicryptophyte
Alopecurus alpinus,hemicryptophyte
Alopecurus borealis,hemicryptophyte
Alopecurus bulbosus,hemicryptophyte
Alopecurus geniculatus,hemicryptophyte
Alopecurus magellanicus,hemicryptophyte
Alopecurus pratensis,hemicryptophyte
Althaea officinalis,hemicryptophyte
Alyssum alyssoides,hemicryptophyte
Ammophila arenaria,hemicryptophyte
Amoria hybrida,hemicryptophyte
Amoria repens,hemicryptophyte
Anchusa arvensis,hemicryptophyte
Anchusa sempervirens,hemicryptophyte
Anemone pulsatilla,hemicryptophyte
Angelica archangelica,hemicryptophyte
Angelica sylvestris,hemicryptophyte
Anthoxanthum alpinum,hemicryptophyte
Anthoxanthum odoratum,hemicryptophyte
Anthriscus sylvestris,hemicryptophyte
Anthyllis vulneraria,hemicryptophyte
Antirrhinum majus,hemicryptophyte
Apium graveolens,hemicryptophyte
Aquilegia vulgaris,hemicryptophyte
Arabidopsis thaliana,hemicryptophyte
Arabis brownii,hemicryptophyte
Arabis glabra,hemicryptophyte
Arabis hirsuta,hemicryptophyte
Arctium lappa,hemicryptophyte
Arctium minus,hemicryptophyte
Arctium nemorosum,hemicryptophyte
Arctium pubens,hemicryptophyte
Aremonia agrimonioides,hemicryptophyte
Armeria maritima,hemicryptophyte
Armoracia rusticana,hemicryptophyte
Arrhenatherum elatius,hemicryptophyte
Artemisia absinthium,hemicryptophyte
Artemisia maritima,hemicryptophyte
Artemisia norvegica,hemicryptophyte
Artemisia vulgaris,hemicryptophyte
Asperula cynanchica,hemicryptophyte
Asperula cynanchica,hemicryptophyte
Asperula occidentalis,hemicryptophyte
Asperula occidentalis,hemicryptophyte
Asperula odorata,hemicryptophyte
Asplenium adiantum-nigrum,hemicryptophyte
Asplenium ceterach,hemicryptophyte
Asplenium marinum,hemicryptophyte
Asplenium obovatum,hemicryptophyte
Asplenium ruta-muraria,hemicryptophyte
Asplenium scolopendrium,hemicryptophyte
Asplenium septentrionale,hemicryptophyte
Asplenium trichomanes-ramosum,hemicryptophyte
Asplenium viride,hemicryptophyte
Aster linosyris,hemicryptophyte
Aster longifolius,hemicryptophyte
Aster novae-angliae,hemicryptophyte
Aster novi-belgii,hemicryptophyte
Astragalus alpinus,hemicryptophyte
Astragalus danicus,hemicryptophyte
Astragalus glycyphyllos,hemicryptophyte
Athyrium distentifolium,hemicryptophyte
Athyrium filix-femina,hemicryptophyte
Atropa belladonna,hemicryptophyte
Avenochloa pratensis,hemicryptophyte
Avenochloa pubescens,hemicryptophyte
Avenula pratensis,hemicryptophyte
Avenula pubescens,hemicryptophyte
Ballota nigra,hemicryptophyte
Barbarea arcuata,hemicryptophyte
Barbarea intermedia,hemicryptophyte
Barbarea stricta,hemicryptophyte
Barbarea verna,hemicryptophyte
Barbarea vulgaris,hemicryptophyte
Bartsia alpina,hemicryptophyte
Bellis perennis,hemicryptophyte
Beta vulgaris,hemicryptophyte
Betonica officinalis,hemicryptophyte
Blechnum spicant,hemicryptophyte
Brachypodium pinnatum,hemicryptophyte
Brachypodium sylvaticum,hemicryptophyte
Briza media,hemicryptophyte
Bromopsis benekenii,hemicryptophyte
Bromopsis erecta,hemicryptophyte
Bromopsis ramosa,hemicryptophyte
Bromus benekenii,hemicryptophyte
Bromus carinatus,hemicryptophyte
Bromus erectus,hemicryptophyte
Bromus hordeaceus,hemicryptophyte
Bromus mollis,hemicryptophyte
Bromus ramosus,hemicryptophyte
Bupleurum falcatum,hemicryptophyte
Calamagrostis canescens,hemicryptophyte
Calamagrostis epigejos,hemicryptophyte
Calamagrostis scotica,hemicryptophyte
Calamagrostis stricta,hemicryptophyte
Calamintha ascendens,hemicryptophyte
Calamintha clinopodium,hemicryptophyte
Calamintha nepeta,hemicryptophyte
Calamintha sylvatica,hemicryptophyte
Caltha palustris,hemicryptophyte
Caltha radicans,hemicryptophyte
Calystegia sepium,hemicryptophyte
Calystegia soldanella,hemicryptophyte
Campanula giesekiana,hemicryptophyte
Campanula glomerata,hemicryptophyte
Campanula latifolia,hemicryptophyte
Campanula patula,hemicryptophyte
Campanula portenschlagiana,hemicryptophyte
Campanula poscharskyana,hemicryptophyte
Campanula rapunculoides,hemicryptophyte
Campanula rotundifolia,hemicryptophyte
Campanula trachelium,hemicryptophyte
Cardamine amara,hemicryptophyte
Cardamine crassifolia,hemicryptophyte
Cardamine flexuosa,hemicryptophyte
Cardamine hayeana,hemicryptophyte
Cardamine impatiens,hemicryptophyte
Cardamine matthioli,hemicryptophyte
Cardamine nymanii,hemicryptophyte
Cardamine palustris,hemicryptophyte
Cardamine pratensis,hemicryptophyte
Cardamine rivularis,hemicryptophyte
Cardaria draba,hemicryptophyte
Carduus acanthoides,hemicryptophyte
Carduus crispus,hemicryptophyte
Carduus nutans,hemicryptophyte
Carduus tenuiflorus,hemicryptophyte
Carex acuta,hemicryptophyte
Carex appropinquata,hemicryptophyte
Carex arenaria,hemicryptophyte
Carex atrata,hemicryptophyte
Carex atrofusca,hemicryptophyte
Carex bergrothii,hemicryptophyte
Carex bergrothii,hemicryptophyte
Carex bergrothii,hemicryptophyte
Carex bigelowii,hemicryptophyte
Carex binervis,hemicryptophyte
Carex canescens subsp. canescens,hemicryptophyte
Carex capillaris,hemicryptophyte
Carex caryophyllea,hemicryptophyte
Carex contigua,hemicryptophyte
Carex cupina,hemicryptophyte
Carex curta,hemicryptophyte
Carex demissa,hemicryptophyte
Carex demissa,hemicryptophyte
Carex demissa,hemicryptophyte
Carex depauperata,hemicryptophyte
Carex diandra,hemicryptophyte
Carex digitata,hemicryptophyte
Carex dioica,hemicryptophyte
Carex distans,hemicryptophyte
Carex disticha,hemicryptophyte
Carex divisa,hemicryptophyte
Carex divulsa,hemicryptophyte
Carex echinata,hemicryptophyte
Carex elata,hemicryptophyte
Carex elongata,hemicryptophyte
Carex ericetorum,hemicryptophyte
Carex extensa,hemicryptophyte
Carex filiformis,hemicryptophyte
Carex flacca,hemicryptophyte
Carex flava,hemicryptophyte
Carex hirta,hemicryptophyte
Carex hostiana,hemicryptophyte
Carex humilis,hemicryptophyte
Carex lachenalii,hemicryptophyte
Carex laevigata,hemicryptophyte
Carex lepidocarpa,hemicryptophyte
Carex lepidocarpa,hemicryptophyte
Carex lepidocarpa,hemicryptophyte
Carex leporina,hemicryptophyte
Carex maritima,hemicryptophyte
Carex marshallii,hemicryptophyte
Carex marshallii,hemicryptophyte
Carex marshallii,hemicryptophyte
Carex montana,hemicryptophyte
Carex muricata,hemicryptophyte
Carex nigra,hemicryptophyte
Carex norvegica,hemicryptophyte
Carex ornithopoda,hemicryptophyte
Carex otrubae,hemicryptophyte
Carex ovalis,hemicryptophyte
Carex pallescens,hemicryptophyte
Carex panicea,hemicryptophyte
Carex paniculata,hemicryptophyte
Carex pendula,hemicryptophyte
Carex pilulifera,hemicryptophyte
Carex praecox,hemicryptophyte
Carex pulicaris,hemicryptophyte
Carex punctata,hemicryptophyte
Carex remota,hemicryptophyte
Carex riparia,hemicryptophyte
Carex rupestris,hemicryptophyte
Carex saxatilis,hemicryptophyte
Carex scandinavica,hemicryptophyte
Carex scandinavica,hemicryptophyte
Carex scandinavica,hemicryptophyte
Carex serotina,hemicryptophyte
Carex serotina,hemicryptophyte
Carex serotina,hemicryptophyte
Carex spicata,hemicryptophyte
Carex strigosa,hemicryptophyte
Carex sylvatica,hemicryptophyte
Carex tomentosa,hemicryptophyte
Carex vaginata,hemicryptophyte
Carex viridula,hemicryptophyte
Carex viridula,hemicryptophyte
Carex viridula,hemicryptophyte
Carex vulpina,hemicryptophyte
Carlina vulgaris,hemicryptophyte
Carum verticillatum,hemicryptophyte
Centaurea calcitrapa,hemicryptophyte
Centaurea debeauxii,hemicryptophyte
Centaurea nemoralis,hemicryptophyte
Centaurea nigra,hemicryptophyte
Centaurea scabiosa,hemicryptophyte
Centaurium capitatum,hemicryptophyte
Centaurium erythraea,hemicryptophyte
Centaurium latifolium,hemicryptophyte
Centaurium littorale,hemicryptophyte
Centaurium minus,hemicryptophyte
Centranthus ruber,hemicryptophyte
Ceratochloa carinata,hemicryptophyte
Ceterach officinarum,hemicryptophyte
Chaerophyllum temulentum,hemicryptophyte
Chaerophyllum temulum,hemicryptophyte
Chamaemelum nobile,hemicryptophyte
Chamaenerion angustifolium,hemicryptophyte
Chamaepericlymenum suecicum,hemicryptophyte
Chamerion angustifolium,hemicryptophyte
Chelidonium majus,hemicryptophyte
Chenopodium bonus-henricus,hemicryptophyte
Chrysanthemum leucanthemum,hemicryptophyte
Chrysanthemum parthenium,hemicryptophyte
Chrysanthemum vulgare,hemicryptophyte
Chrysosplenium alternifolium,hemicryptophyte
Cicerbita alpina,hemicryptophyte
Cicerbita macrophylla,hemicryptophyte
Cichorium intybus,hemicryptophyte
Cirsium acaule,hemicryptophyte
Cirsium eriophorum,hemicryptophyte
Cirsium helenioides,hemicryptophyte
Cirsium heterophyllum,hemicryptophyte
Cirsium palustre,hemicryptophyte
Cirsium vulgare,hemicryptophyte
Claytonia sibirica,hemicryptophyte
Clinopodium ascendens,hemicryptophyte
Clinopodium calamintha,hemicryptophyte
Clinopodium menthifolium,hemicryptophyte
Clinopodium vulgare,hemicryptophyte
Cochlearia alpina,hemicryptophyte
Cochlearia alpina,hemicryptophyte
Cochlearia anglica,hemicryptophyte
Cochlearia atlantica,hemicryptophyte
Cochlearia atlantica,hemicryptophyte
Cochlearia groenlandica,hemicryptophyte
Cochlearia groenlandica,hemicryptophyte
Cochlearia islandica,hemicryptophyte
Cochlearia islandica,hemicryptophyte
Cochlearia micacea,hemicryptophyte
Cochlearia officinalis,hemicryptophyte
Cochlearia officinalis,hemicryptophyte
Cochlearia officinalis subsp. alpina,hemicryptophyte
Cochlearia officinalis subsp. alpina,hemicryptophyte
Cochlearia officinalis subsp. pyrenaica,hemicryptophyte
Cochlearia pyrenaica,hemicryptophyte
Cochlearia scotica,hemicryptophyte
Cochlearia scotica,hemicryptophyte
Coincya monensis,hemicryptophyte
Coincya wrightii,hemicryptophyte
Conium maculatum,hemicryptophyte
Convolvulus arvensis,hemicryptophyte
Cornus suecica,hemicryptophyte
Coronilla varia,hemicryptophyte
Corydalis lutea,hemicryptophyte
Corynephorus canescens,hemicryptophyte
Cotula coronopifolia,hemicryptophyte
Cotyledon umbilicus,hemicryptophyte
Crambe maritima,hemicryptophyte
Crepis biennis,hemicryptophyte
Crepis capillaris,hemicryptophyte
Crepis foetida,hemicryptophyte
Crepis mollis,hemicryptophyte
Crepis vesicaria,hemicryptophyte
Crepis virens,hemicryptophyte
Crinitaria linosyris,hemicryptophyte
Crithmum maritimum,hemicryptophyte
Cruciata chersonensis,hemicryptophyte
Cruciata laevipes,hemicryptophyte
Cryptogramma crispa,hemicryptophyte
Cynodon dactylon,hemicryptophyte
Cynoglossum germanicum,hemicryptophyte
Cynoglossum montanum,hemicryptophyte
Cynoglossum officinale,hemicryptophyte
Cynosurus cristatus,hemicryptophyte
Cystopteris dickieana,hemicryptophyte
Cystopteris fragilis,hemicryptophyte
Cystopteris montana,hemicryptophyte
Dactylis glomerata,hemicryptophyte
Danthonia decumbens,hemicryptophyte
Daucus carota,hemicryptophyte
Daucus gummifer,hemicryptophyte
Deschampsia alpina,hemicryptophyte
Deschampsia cespitosa,hemicryptophyte
Deschampsia flexuosa,hemicryptophyte
Deschampsia setacea,hemicryptophyte
Digitalis purpurea,hemicryptophyte
Diplotaxis tenuifolia,hemicryptophyte
Dipsacus fullonum,hemicryptophyte
Dipsacus pilosus,hemicryptophyte
Dipsacus sylvestris,hemicryptophyte
Doronicum pardalianches,hemicryptophyte
Draba muralis,hemicryptophyte
Drosera anglica,hemicryptophyte
Drosera intermedia,hemicryptophyte
Drosera longifolia,hemicryptophyte
Drosera rotundifolia,hemicryptophyte
Dryopteris abbreviata,hemicryptophyte
Dryopteris aemula,hemicryptophyte
Dryopteris affinis,hemicryptophyte
Dryopteris borreri,hemicryptophyte
Dryopteris carthusiana,hemicryptophyte
Dryopteris cristata,hemicryptophyte
Dryopteris dilatata,hemicryptophyte
Dryopteris expansa,hemicryptophyte
Dryopteris filix-mas,hemicryptophyte
Dryopteris oreades,hemicryptophyte
Dryopteris submontana,hemicryptophyte
Dryopteris villarii,hemicryptophyte
Echium lycopsis,hemicryptophyte
Echium plantagineum,hemicryptophyte
Echium vulgare,hemicryptophyte
Elymus arenarius,hemicryptophyte
Elymus athericus,hemicryptophyte
Elymus caninus,hemicryptophyte
Elymus farctus,hemicryptophyte
Elymus pycnanthus,hemicryptophyte
Elymus repens,hemicryptophyte
Elymus trachycaulus,hemicryptophyte
Elytrigia atherica,hemicryptophyte
Elytrigia juncea,hemicryptophyte
Elytrigia repens,hemicryptophyte
Epilobium adenocaulon,hemicryptophyte
Epilobium adnatum,hemicryptophyte
Epilobium alsinifolium,hemicryptophyte
Epilobium anagallidifolium,hemicryptophyte
Epilobium angustifolium,hemicryptophyte
Epilobium brunnescens,hemicryptophyte
Epilobium ciliatum,hemicryptophyte
Epilobium hirsutum,hemicryptophyte
Epilobium lamyi,hemicryptophyte
Epilobium lanceolatum,hemicryptophyte
Epilobium montanum,hemicryptophyte
Epilobium nerterioides,hemicryptophyte
Epilobium nerteroides,hemicryptophyte
Epilobium obscurum,hemicryptophyte
Epilobium palustre,hemicryptophyte
Epilobium parviflorum,hemicryptophyte
Epilobium pedunculare auct non cunn.,hemicryptophyte
Epilobium roseum,hemicryptophyte
Epilobium semiadnatum,hemicryptophyte
Epilobium tetragonum,hemicryptophyte
Erigeron acer,hemicryptophyte
Erigeron acris,hemicryptophyte
Eryngium campestre,hemicryptophyte
Eryngium maritimum,hemicryptophyte
Erythraea capitata,hemicryptophyte
Eupatorium cannabinum,hemicryptophyte
Euphorbia amygdaloides,hemicryptophyte
Euphorbia cyparissias,hemicryptophyte
Euphorbia dulcis,hemicryptophyte
Euphorbia esula,hemicryptophyte
Euphorbia hyberna,hemicryptophyte
Festuca altissima,hemicryptophyte
Festuca arenaria subsp. oraria,hemicryptophyte
Festuca arundinacea,hemicryptophyte
Festuca brevipila,hemicryptophyte
Festuca caesia,hemicryptophyte
Festuca diffusa,hemicryptophyte
Festuca elatior,hemicryptophyte
Festuca filiformis,hemicryptophyte
Festuca gigantea,hemicryptophyte
Festuca glauca,hemicryptophyte
Festuca guestfalica,hemicryptophyte
Festuca heteromalla,hemicryptophyte
Festuca heterophylla,hemicryptophyte
Festuca juncifolia,hemicryptophyte
Festuca longifolia,hemicryptophyte
Festuca nigrescens,hemicryptophyte
Festuca ophioliticola,hemicryptophyte
Festuca ovina,hemicryptophyte
Festuca pratensis,hemicryptophyte
Festuca richardsonii,hemicryptophyte
Festuca rubra,hemicryptophyte
Festuca rubra subsp. arenaria,hemicryptophyte
Festuca tenuifolia,hemicryptophyte
Festuca trachyphylla,hemicryptophyte
Festuca vivipara,hemicryptophyte
Filipendula ulmaria,hemicryptophyte
Filipendula vulgaris,hemicryptophyte
Fragaria vesca,hemicryptophyte
Galearia fragifera,hemicryptophyte
Galium boreale,hemicryptophyte
Galium cruciata,hemicryptophyte
Galium elongatum,hemicryptophyte
Galium elongatum,hemicryptophyte
Galium mollugo,hemicryptophyte
Galium odoratum,hemicryptophyte
Galium palustre,hemicryptophyte
Galium palustre,hemicryptophyte
Galium pumilum,hemicryptophyte
Galium saxatile,hemicryptophyte
Galium sterneri,hemicryptophyte
Galium verum,hemicryptophyte
Galium x pomeranicum = G. verum x G. mollugo,hemicryptophyte
Gaudinia fragilis,hemicryptophyte
Gentiana amarella,hemicryptophyte
Gentiana campestris,hemicryptophyte
Gentiana ciliata,hemicryptophyte
Gentiana germanica,hemicryptophyte
Gentiana pneumonanthe,hemicryptophyte
Gentiana uliginosa,hemicryptophyte
Gentianella amarella,hemicryptophyte
Gentianella anglica,hemicryptophyte
Gentianella campestris,hemicryptophyte
Gentianella ciliata,hemicryptophyte
Gentianella germanica,hemicryptophyte
Gentianella uliginosa,hemicryptophyte
Gentianopsis ciliata,hemicryptophyte
Geranium endressii,hemicryptophyte
Geranium phaeum,hemicryptophyte
Geranium pratense,hemicryptophyte
Geranium pyrenaicum,hemicryptophyte
Geranium robertianum,hemicryptophyte
Geranium sanguineum,hemicryptophyte
Geranium sylvaticum,hemicryptophyte
Geranium versicolor,hemicryptophyte
Geum rivale,hemicryptophyte
Geum urbanum,hemicryptophyte
Glaucium flavum,hemicryptophyte
Glaux maritima,hemicryptophyte
Glechoma hederacea,hemicryptophyte
Gnaphalium norvegicum,hemicryptophyte
Gnaphalium sylvaticum,hemicryptophyte
Helictotrichon pratense,hemicryptophyte
Helictotrichon pubescens,hemicryptophyte
Helleborus viridis,hemicryptophyte
Helminthotheca echioides,hemicryptophyte
Heracleum mantegazzianum,hemicryptophyte
Heracleum sphondylium,hemicryptophyte
Herniaria glabra,hemicryptophyte
Hesperis matronalis,hemicryptophyte
Hieracium acuminatum,hemicryptophyte
Hieracium anglicum,hemicryptophyte
Hieracium argenteum,hemicryptophyte
Hieracium britannicum,hemicryptophyte
Hieracium caesiomurorum,hemicryptophyte
Hieracium caledonicum,hemicryptophyte
Hieracium calenduliflorum,hemicryptophyte
Hieracium dewarii,hemicryptophyte
Hieracium diaphanoides,hemicryptophyte
Hieracium diaphanum,hemicryptophyte
Hieracium flagellare,hemicryptophyte
Hieracium grandidens,hemicryptophyte
Hieracium hanburyi,hemicryptophyte
Hieracium holosericeum,hemicryptophyte
Hieracium iricum,hemicryptophyte
Hieracium lachenalii,hemicryptophyte
Hieracium lasiophyllum,hemicryptophyte
Hieracium latobrigorum,hemicryptophyte
Hieracium maculatum,hemicryptophyte
Hieracium mirandum,hemicryptophyte
Hieracium oistophyllum,hemicryptophyte
Hieracium orcadense,hemicryptophyte
Hieracium peleteranum,hemicryptophyte
Hieracium pellucidum,hemicryptophyte
Hieracium pilosella,hemicryptophyte
Hieracium prenanthoides,hemicryptophyte
Hieracium reticulatum,hemicryptophyte
Hieracium rigens,hemicryptophyte
Hieracium schmidtii,hemicryptophyte
Hieracium sciaphilum,hemicryptophyte
Hieracium senescens,hemicryptophyte
Hieracium sparsifolium,hemicryptophyte
Hieracium umbellatum,hemicryptophyte
Hieracium vagum,hemicryptophyte
Hieracium vulgatum,hemicryptophyte
Hierochloe odorata,hemicryptophyte
Holcus lanatus,hemicryptophyte
Holcus mollis,hemicryptophyte
Holoschoenus vulgaris,hemicryptophyte
Honckenya peploides,hemicryptophyte
Honkenya peploides,hemicryptophyte
Hordelymus europaeus,hemicryptophyte
Hordeum secalinum,hemicryptophyte
Humulus lupulus,hemicryptophyte
Hutera monensis,hemicryptophyte
Hutera wrightii,hemicryptophyte
Hydrocotyle vulgaris,hemicryptophyte
Hyoscyamus niger,hemicryptophyte
Hypericum canadense,hemicryptophyte
Hypericum dubium,hemicryptophyte
Hypericum hirsutum,hemicryptophyte
Hypericum linariifolium,hemicryptophyte
Hypericum maculatum,hemicryptophyte
Hypericum montanum,hemicryptophyte
Hypericum perforatum,hemicryptophyte
Hypericum pulchrum,hemicryptophyte
Hypericum quadrangulum,hemicryptophyte
Hypericum tetrapterum,hemicryptophyte
Hypericum undulatum,hemicryptophyte
Hypochaeris maculata,hemicryptophyte
Hypochaeris radicata,hemicryptophyte
Imperatoria ostruthium,hemicryptophyte
Inula conyza,hemicryptophyte
Inula conyzae,hemicryptophyte
Inula crithmoides,hemicryptophyte
Inula salicina,hemicryptophyte
Iris pseudacorus,hemicryptophyte
Isatis tinctoria,hemicryptophyte
Isoetes histrix,hemicryptophyte
Jasione montana,hemicryptophyte
Juncus acutiflorus,hemicryptophyte
Juncus acutus,hemicryptophyte
Juncus alpinoarticulatus,hemicryptophyte
Juncus alpinus,hemicryptophyte
Juncus articulatus,hemicryptophyte
Juncus biglumis,hemicryptophyte
Juncus bulbosus,hemicryptophyte
Juncus castaneus,hemicryptophyte
Juncus conglomeratus,hemicryptophyte
Juncus dudleyi,hemicryptophyte
Juncus effusus,hemicryptophyte
Juncus filiformis,hemicryptophyte
Juncus inflexus,hemicryptophyte
Juncus kochii,hemicryptophyte
Juncus planifolius,hemicryptophyte
Juncus squarrosus,hemicryptophyte
Juncus subnodulosus,hemicryptophyte
Juncus subuliflorus,hemicryptophyte
Juncus tenuis,hemicryptophyte
Juncus trifidus,hemicryptophyte
Juncus triglumis,hemicryptophyte
Knautia arvensis,hemicryptophyte
Kobresia simpliciuscula,hemicryptophyte
Koeleria albescens,hemicryptophyte
Koeleria britannica,hemicryptophyte
Koeleria cristata,hemicryptophyte
Koeleria glauca,hemicryptophyte
Koeleria gracilis,hemicryptophyte
Koeleria macrantha,hemicryptophyte
Lactuca muralis,hemicryptophyte
Lactuca virosa,hemicryptophyte
Lamium album,hemicryptophyte
Lathyrus japonicus,hemicryptophyte
Lathyrus linifolius,hemicryptophyte
Lathyrus maritimus,hemicryptophyte
Lathyrus montanus,hemicryptophyte
Lathyrus niger,hemicryptophyte
Lathyrus palustris,hemicryptophyte
Lathyrus pratensis,hemicryptophyte
Lathyrus sylvestris,hemicryptophyte
Lavatera arborea,hemicryptophyte
Lavatera cretica,hemicryptophyte
Leontodon autumnalis,hemicryptophyte
Leontodon hispidus,hemicryptophyte
Leontodon saxatilis,hemicryptophyte
Leontodon taraxacoides,hemicryptophyte
Lepidium draba,hemicryptophyte
Lepidium heterophyllum,hemicryptophyte
Lepidium hirtum,hemicryptophyte
Lepidium latifolium,hemicryptophyte
Lepidium pratense,hemicryptophyte
Lepidium ruderale,hemicryptophyte
Lepidium smithii,hemicryptophyte
Lepidium villarsii,hemicryptophyte
Leucanthemum vulgare,hemicryptophyte
Leymus arenarius,hemicryptophyte
Ligusticum scoticum,hemicryptophyte
Limonium bellidifolium,hemicryptophyte
Limonium binervosum,hemicryptophyte
Limonium binervosum agg.,hemicryptophyte
Limonium humile,hemicryptophyte
Limonium paradoxum,hemicryptophyte
Limonium recurvum,hemicryptophyte
Limonium transwallianum,hemicryptophyte
Limonium vulgare,hemicryptophyte
Linaria purpurea,hemicryptophyte
Linaria repens,hemicryptophyte
Linaria vulgaris,hemicryptophyte
Linum anglicum,hemicryptophyte
Linum angustifolium,hemicryptophyte
Linum bienne,hemicryptophyte
Linum catharticum,hemicryptophyte
Linum perenne,hemicryptophyte
Lithospermum officinale,hemicryptophyte
Lobelia urens,hemicryptophyte
Lobularia maritima,hemicryptophyte
Lolium multiflorum,hemicryptophyte
Lolium perenne,hemicryptophyte
Lotus corniculatus,hemicryptophyte
Lotus glaber,hemicryptophyte
Lotus pedunculatus,hemicryptophyte
Lotus tenuis,hemicryptophyte
Lotus uliginosus,hemicryptophyte
Lotus villosus,hemicryptophyte
Lunaria annua,hemicryptophyte
Lupinus nootkatensis,hemicryptophyte
Lupinus polyphyllus,hemicryptophyte
Luzula arcuata,hemicryptophyte
Luzula campestris,hemicryptophyte
Luzula forsteri,hemicryptophyte
Luzula luzuloides,hemicryptophyte
Luzula multiflora,hemicryptophyte
Luzula pallescens,hemicryptophyte
Luzula pallidula,hemicryptophyte
Luzula pilosa,hemicryptophyte
Luzula spicata,hemicryptophyte
Luzula sylvatica,hemicryptophyte
Lychnis flos-cuculi,hemicryptophyte
Lycopsis arvensis,hemicryptophyte
Lycopus europaeus,hemicryptophyte
Lysimachia punctata,hemicryptophyte
Lysimachia terrestris,hemicryptophyte
Lysimachia vulgaris,hemicryptophyte
Lythrum salicaria,hemicryptophyte
Malva arborea,hemicryptophyte
Malva moschata,hemicryptophyte
Malva neglecta,hemicryptophyte
Malva pseudolavatera,hemicryptophyte
Malva sylvestris,hemicryptophyte
Marrubium vulgare,hemicryptophyte
Matricaria maritima,hemicryptophyte
Matthiola sinuata,hemicryptophyte
Meconopsis cambrica,hemicryptophyte
Medicago lupulina,hemicryptophyte
Medicago sativa,hemicryptophyte
Melica nutans,hemicryptophyte
Melica uniflora,hemicryptophyte
Melilotus alba,hemicryptophyte
Melilotus albus,hemicryptophyte
Melilotus altissimus,hemicryptophyte
Melilotus officinalis,hemicryptophyte
Melittis melissophyllum,hemicryptophyte
Mentha aquatica,hemicryptophyte
Mentha arvensis,hemicryptophyte
Mentha hirsuta,hemicryptophyte
Mentha longifolia,hemicryptophyte
Mentha pulegium,hemicryptophyte
Mentha rotundifolia,hemicryptophyte
Mentha scotica,hemicryptophyte
Mentha spicata,hemicryptophyte
Mentha suaveolens,hemicryptophyte
Mentha x verticillata = M. arvensis x M. aquatica,hemicryptophyte
Mentha x villosa,hemicryptophyte
Mercurialis perennis,hemicryptophyte
Mertensia maritima,hemicryptophyte
Meum athamanticum,hemicryptophyte
Milium effusum,hemicryptophyte
Mimulus guttatus,hemicryptophyte
Mimulus luteus,hemicryptophyte
Mimulus moschatus,hemicryptophyte
Mimulus variegatus,hemicryptophyte
Molinia caerulea,hemicryptophyte
Moneses uniflora,hemicryptophyte
Montia sibirica,hemicryptophyte
Mycelis muralis,hemicryptophyte
Myosotis alpestris,hemicryptophyte
Myosotis arvensis,hemicryptophyte
Myosotis brevifolia,hemicryptophyte
Myosotis cespitosa,hemicryptophyte
Myosotis laxa,hemicryptophyte
Myosotis palustris,hemicryptophyte
Myosotis repens,hemicryptophyte
Myosotis scorpioides,hemicryptophyte
Myosotis secunda,hemicryptophyte
Myosotis stolonifera,hemicryptophyte
Myosotis strigulosa,hemicryptophyte
Myosotis sylvatica,hemicryptophyte
Myosoton aquaticum,hemicryptophyte
Myrrhis odorata,hemicryptophyte
Nardus stricta,hemicryptophyte
Narthecium ossifragum,hemicryptophyte
Nepeta cataria,hemicryptophyte
Nepeta glechoma,hemicryptophyte
Oenanthe fistulosa,hemicryptophyte
Oenanthe lachenalii,hemicryptophyte
Oenanthe pimpinelloides,hemicryptophyte
Oenanthe silaifolia,hemicryptophyte
Oenothera biennis,hemicryptophyte
Oenothera cambrica,hemicryptophyte
Oenothera erythrosepala,hemicryptophyte
Oenothera glazioviana,hemicryptophyte
Oenothera novae-scotiae,hemicryptophyte
Oenothera stricta,hemicryptophyte
Omalotheca norvegica,hemicryptophyte
Omalotheca sylvatica,hemicryptophyte
Onobrychis viciifolia,hemicryptophyte
Ononis campestris,hemicryptophyte
Ononis repens,hemicryptophyte
Ononis repens subsp. maritima,hemicryptophyte
Ononis repens subsp. spinosa,hemicryptophyte
Ononis spinosa,hemicryptophyte
Onopordum acanthium,hemicryptophyte
Oreopteris limbosperma,hemicryptophyte
Osmunda regalis,hemicryptophyte
Otanthus maritimus,hemicryptophyte
Oxalis acetosella,hemicryptophyte
Oxalis articulata,hemicryptophyte
Oxalis europaea,hemicryptophyte
Oxalis floribunda,hemicryptophyte
Oxalis fontana,hemicryptophyte
Oxalis stricta,hemicryptophyte
Oxyria digyna,hemicryptophyte
Oxytropis campestris,hemicryptophyte
Oxytropis halleri,hemicryptophyte
Parietaria diffusa,hemicryptophyte
Parietaria judaica,hemicryptophyte
Parnassia palustris,hemicryptophyte
Pastinaca sativa,hemicryptophyte
Pedicularis sylvatica,hemicryptophyte
Pentaglottis sempervirens,hemicryptophyte
Persicaria amphibia,hemicryptophyte
Persicaria bistorta,hemicryptophyte
Persicaria vivipara,hemicryptophyte
Petroselinum segetum,hemicryptophyte
Peucedanum officinale,hemicryptophyte
Peucedanum ostruthium,hemicryptophyte
Peucedanum palustre,hemicryptophyte
Phleum alpinum,hemicryptophyte
Phleum commutatum,hemicryptophyte
Phleum phleoides,hemicryptophyte
Phleum pratense,hemicryptophyte
Phyllitis scolopendrium,hemicryptophyte
Physospermum cornubiense,hemicryptophyte
Phyteuma orbiculare,hemicryptophyte
Phyteuma spicatum,hemicryptophyte
Phyteuma tenerum,hemicryptophyte
Picris echioides,hemicryptophyte
Picris hieracioides,hemicryptophyte
Pilosella flagellaris,hemicryptophyte
Pilosella officinarum,hemicryptophyte
Pilosella peleteriana,hemicryptophyte
Pimpinella major,hemicryptophyte
Pimpinella saxifraga,hemicryptophyte
Pinguicula grandiflora,hemicryptophyte
Pinguicula lusitanica,hemicryptophyte
Pinguicula vulgaris,hemicryptophyte
Plantago coronopus,hemicryptophyte
Plantago lanceolata,hemicryptophyte
Plantago major,hemicryptophyte
Plantago maritima,hemicryptophyte
Plantago media,hemicryptophyte
Poa alpina,hemicryptophyte
Poa angustifolia,hemicryptophyte
Poa annua,hemicryptophyte
Poa balfourii,hemicryptophyte
Poa bulbosa,hemicryptophyte
Poa chaixii,hemicryptophyte
Poa compressa,hemicryptophyte
Poa flexuosa,hemicryptophyte
Poa glauca,hemicryptophyte
Poa humilis,hemicryptophyte
Poa nemoralis,hemicryptophyte
Poa palustris,hemicryptophyte
Poa pratensis,hemicryptophyte
Poa pratensis subsp. angustifolia,hemicryptophyte
Poa pratensis subsp. irrigata,hemicryptophyte
Poa subcaerulea,hemicryptophyte
Poa trivialis,hemicryptophyte
Poa x jemtlandica = P. flexuosa x P. alpina,hemicryptophyte
Polemonium caeruleum,hemicryptophyte
Polygonum amphibium,hemicryptophyte
Polygonum bistorta,hemicryptophyte
Polygonum viviparum,hemicryptophyte
Polystichum aculeatum,hemicryptophyte
Polystichum lonchitis,hemicryptophyte
Polystichum setiferum,hemicryptophyte
Potentilla anglica,hemicryptophyte
Potentilla anserina,hemicryptophyte
Potentilla argentea,hemicryptophyte
Potentilla crantzii,hemicryptophyte
Potentilla erecta,hemicryptophyte
Potentilla neumanniana,hemicryptophyte
Potentilla norvegica,hemicryptophyte
Potentilla procumbens,hemicryptophyte
Potentilla recta,hemicryptophyte
Potentilla reptans,hemicryptophyte
Potentilla rupestris,hemicryptophyte
Potentilla sibbaldi,hemicryptophyte
Potentilla sterilis,hemicryptophyte
Potentilla sylvestris,hemicryptophyte
Potentilla tabernaemontani,hemicryptophyte
Poterium officinale,hemicryptophyte
Poterium sanguisorba,hemicryptophyte
Primula acaulis,hemicryptophyte
Primula elatior,hemicryptophyte
Primula farinosa,hemicryptophyte
Primula scotica,hemicryptophyte
Primula veris,hemicryptophyte
Primula vulgaris,hemicryptophyte
Prunella laciniata,hemicryptophyte
Prunella vulgaris,hemicryptophyte
Pseudofumaria lutea,hemicryptophyte
Puccinellia distans,hemicryptophyte
Puccinellia fasciculata,hemicryptophyte
Puccinellia maritima,hemicryptophyte
Puccinellia pseudodistans,hemicryptophyte
Puccinellia rupestris,hemicryptophyte
Pulicaria dysenterica,hemicryptophyte
Pulmonaria angustifolia,hemicryptophyte
Pulmonaria longifolia,hemicryptophyte
Pulmonaria officinalis,hemicryptophyte
Pulsatilla vulgaris,hemicryptophyte
Pyrola media,hemicryptophyte
Pyrola minor,hemicryptophyte
Pyrola rotundifolia,hemicryptophyte
Ranunculus acris,hemicryptophyte
Ranunculus auricomus,hemicryptophyte
Ranunculus bulbosus,hemicryptophyte
Ranunculus flammula,hemicryptophyte
Ranunculus repens,hemicryptophyte
Ranunculus reptans,hemicryptophyte
Raphanus maritimus,hemicryptophyte
Raphanus raphanistrum,hemicryptophyte
Reseda lutea,hemicryptophyte
Reseda luteola,hemicryptophyte
Reseda stricta,hemicryptophyte
Rhodiola rosea,hemicryptophyte
Rhynchosinapis monensis,hemicryptophyte
Rhynchosinapis wrightii,hemicryptophyte
Rorippa sylvestris,hemicryptophyte
Rubia peregrina,hemicryptophyte
Rubus chamaemorus,hemicryptophyte
Rubus saxatilis,hemicryptophyte
Rumex acetosa,hemicryptophyte
Rumex acetosella,hemicryptophyte
Rumex alpinus,hemicryptophyte
Rumex angiocarpus,hemicryptophyte
Rumex conglomeratus,hemicryptophyte
Rumex crispus,hemicryptophyte
Rumex frutescens,hemicryptophyte
Rumex hibernicus,hemicryptophyte
Rumex longifolius,hemicryptophyte
Rumex maritimus,hemicryptophyte
Rumex obtusifolius,hemicryptophyte
Rumex palustris,hemicryptophyte
Rumex patientia,hemicryptophyte
Rumex pseudoalpinus,hemicryptophyte
Rumex pulcher,hemicryptophyte
Rumex rugosus,hemicryptophyte
Rumex rupestris,hemicryptophyte
Rumex sanguineus,hemicryptophyte
Rumex tenuifolius,hemicryptophyte
Sagina nodosa,hemicryptophyte
Sagina procumbens,hemicryptophyte
Salvia horminoides,hemicryptophyte
Salvia pratensis,hemicryptophyte
Salvia verbenaca,hemicryptophyte
Sambucus ebulus,hemicryptophyte
Samolus valerandi,hemicryptophyte
Sanguisorba minor,hemicryptophyte
Sanguisorba officinalis,hemicryptophyte
Sanicula europaea,hemicryptophyte
Saponaria officinalis,hemicryptophyte
Satureja ascendens,hemicryptophyte
Satureja calamintha,hemicryptophyte
Satureja menthifolia,hemicryptophyte
Satureja vulgaris,hemicryptophyte
Saxifraga cernua,hemicryptophyte
Saxifraga geum,hemicryptophyte
Saxifraga granulata,hemicryptophyte
Saxifraga hirculus,hemicryptophyte
Saxifraga hirsuta,hemicryptophyte
Saxifraga nivalis,hemicryptophyte
Saxifraga rivularis,hemicryptophyte
Saxifraga spathularis,hemicryptophyte
Saxifraga stellaris,hemicryptophyte
Saxifraga x urbium = S. umbrosa x S. spathularis,hemicryptophyte
Scabiosa columbaria,hemicryptophyte
Scabiosa pratensis,hemicryptophyte
Scabiosa succisa,hemicryptophyte
Schoenus ferrugineus,hemicryptophyte
Schoenus nigricans,hemicryptophyte
Scirpoides holoschoenus,hemicryptophyte
Scirpus cespitosus,hemicryptophyte
Scirpus holoschoenus,hemicryptophyte
Scorzonera humilis,hemicryptophyte
Scrophularia aquatica,hemicryptophyte
Scrophularia auriculata,hemicryptophyte
Scrophularia nodosa,hemicryptophyte
Scrophularia scorodonia,hemicryptophyte
Scrophularia umbrosa,hemicryptophyte
Scrophularia vernalis,hemicryptophyte
Scutellaria galericulata,hemicryptophyte
Scutellaria minor,hemicryptophyte
Securigera varia,hemicryptophyte
Sedum rosea,hemicryptophyte
Sedum telephium,hemicryptophyte
Selinum carvifolia,hemicryptophyte
Senecio aquaticus,hemicryptophyte
Senecio cambrensis,hemicryptophyte
Senecio campestris,hemicryptophyte
Senecio erraticus,hemicryptophyte
Senecio erucifolius,hemicryptophyte
Senecio integrifolius,hemicryptophyte
Senecio jacobaea,hemicryptophyte
Senecio smithii,hemicryptophyte
Senecio squalidus,hemicryptophyte
Seriphidium maritimum,hemicryptophyte
Serratula tinctoria,hemicryptophyte
Seseli libanotis,hemicryptophyte
Sesleria albicans,hemicryptophyte
Sesleria caerulea,hemicryptophyte
Sibbaldia procumbens,hemicryptophyte
Sieglingia decumbens,hemicryptophyte
Silaum silaus,hemicryptophyte
Silaus flavescens,hemicryptophyte
Silene alba,hemicryptophyte
Silene cucubalus,hemicryptophyte
Silene dioica,hemicryptophyte
Silene flos-cuculi,hemicryptophyte
Silene latifolia,hemicryptophyte
Silene nutans,hemicryptophyte
Silene otites,hemicryptophyte
Silene pratensis,hemicryptophyte
Silene vulgaris,hemicryptophyte
Sison amomum,hemicryptophyte
Sisymbrium alliaria,hemicryptophyte
Sisymbrium thallianum,hemicryptophyte
Smyrnium olusatrum,hemicryptophyte
Solidago altissima,hemicryptophyte
Solidago canadensis,hemicryptophyte
Solidago gigantea,hemicryptophyte
Solidago serotina,hemicryptophyte
Solidago virgaurea,hemicryptophyte
Sonchus arvensis,hemicryptophyte
Sonchus oleraceus,hemicryptophyte
Sonchus palustris,hemicryptophyte
Spiraea filipendula,hemicryptophyte
Stachys alpina,hemicryptophyte
Stachys germanica,hemicryptophyte
Stachys officinalis,hemicryptophyte
Stachys sylvatica,hemicryptophyte
Stellaria aquatica,hemicryptophyte
Stellaria graminea,hemicryptophyte
Stellaria nemorum,hemicryptophyte
Succisa pratensis,hemicryptophyte
Symphytum grandiflorum,hemicryptophyte
Symphytum ibiricum,hemicryptophyte
Symphytum officinale,hemicryptophyte
Symphytum orientale,hemicryptophyte
Symphytum tuberosum,hemicryptophyte
Symphytum x uplandicum = S. officinale x S. asperum,hemicryptophyte
Tanacetum parthenium,hemicryptophyte
Tanacetum vulgare,hemicryptophyte
Taraxacum ceratolobum,hemicryptophyte
Taraxacum faeroense,hemicryptophyte
Taraxacum fulvum,hemicryptophyte
Taraxacum gelertii,hemicryptophyte
Taraxacum obliquum,hemicryptophyte
Taraxacum officinale agg.,hemicryptophyte
Taraxacum palustre,hemicryptophyte
Taraxacum praestans,hemicryptophyte
Taraxacum simile,hemicryptophyte
Taraxacum unguilobum,hemicryptophyte
Tephroseris integrifolia,hemicryptophyte
Teucrium scordium,hemicryptophyte
Teucrium scorodonia,hemicryptophyte
Thalictrum alpinum,hemicryptophyte
Thalictrum flavum,hemicryptophyte
Thalictrum minus,hemicryptophyte
Thelypteris limbosperma,hemicryptophyte
Tofieldia pusilla,hemicryptophyte
Tragopogon pratensis,hemicryptophyte
Trichophorum cespitosum,hemicryptophyte
Trifolium fragiferum,hemicryptophyte
Trifolium hybridum,hemicryptophyte
Trifolium medium,hemicryptophyte
Trifolium occidentale,hemicryptophyte
Trifolium ochroleucon,hemicryptophyte
Trifolium pratense,hemicryptophyte
Trifolium repens,hemicryptophyte
Triglochin maritima,hemicryptophyte
Triglochin maritimum,hemicryptophyte
Triglochin palustre,hemicryptophyte
Triglochin palustris,hemicryptophyte
Trinia glauca,hemicryptophyte
Tripleurospermum maritimum,hemicryptophyte
Trisetum flavescens,hemicryptophyte
Trollius europaeus,hemicryptophyte
Turritis glabra,hemicryptophyte
Tussilago farfara,hemicryptophyte
Umbilicus rupestris,hemicryptophyte
Urtica dioica,hemicryptophyte
Valeriana dioica,hemicryptophyte
Valeriana officinalis,hemicryptophyte
Valeriana pyrenaica,hemicryptophyte
Valeriana sambucifolia,hemicryptophyte
Verbascum lychnitis,hemicryptophyte
Verbascum nigrum,hemicryptophyte
Verbascum pulverulentum,hemicryptophyte
Verbascum thapsus,hemicryptophyte
Verbascum virgatum,hemicryptophyte
Verbena officinalis,hemicryptophyte
Veronica anagallis-aquatica,hemicryptophyte
Veronica beccabunga,hemicryptophyte
Veronica catenata,hemicryptophyte
Veronica scutellata,hemicryptophyte
Veronica serpyllifolia,hemicryptophyte
Vicia bithynica,hemicryptophyte
Vicia cracca,hemicryptophyte
Vicia orobus,hemicryptophyte
Vicia sepium,hemicryptophyte
Vicia sylvatica,hemicryptophyte
Viola canina,hemicryptophyte
Viola cornuta,hemicryptophyte
Viola hirta,hemicryptophyte
Viola lactea,hemicryptophyte
Viola lutea,hemicryptophyte
Viola odorata,hemicryptophyte
Viola palustris,hemicryptophyte
Viola persicifolia,hemicryptophyte
Viola reichenbachiana,hemicryptophyte
Viola riviniana,hemicryptophyte
Viola rupestris,hemicryptophyte
Viola stagnina,hemicryptophyte
Viola sylvestris,hemicryptophyte
Viola tricolor,hemicryptophyte
Wahlenbergia hederacea,hemicryptophyte
Woodsia alpina,hemicryptophyte
Woodsia ilvensis,hemicryptophyte
Zerna benekenii,hemicryptophyte
Zerna erecta,hemicryptophyte
Zerna ramosa,hemicryptophyte
Acorus calamus,hydrophyte
Acorus gramineus,hydrophyte
Alisma gramineum,hydrophyte
Alisma lanceolatum,hydrophyte
Alisma plantago-aquatica,hydrophyte
Apium inundatum,hydrophyte
Butomus umbellatus,hydrophyte
Cabomba caroliniana,hydrophyte
Callitriche brutia,hydrophyte
Callitriche brutia subsp. hamulata,hydrophyte
Callitriche hamulata,hydrophyte
Callitriche hermaphroditica,hydrophyte
Callitriche intermedia subsp. hamulata,hydrophyte
Callitriche intermedia subsp. pedunculata,hydrophyte
Callitriche obtusangula,hydrophyte
Callitriche pedunculata,hydrophyte
Callitriche platycarpa,hydrophyte
Callitriche polymorpha,hydrophyte
Callitriche stagnalis,hydrophyte
Callitriche truncata,hydrophyte
Ceratophyllum demersum,hydrophyte
Ceratophyllum submersum,hydrophyte
Cicuta virosa,hydrophyte
Crassula helmsii,hydrophyte
Crassula recurva,hydrophyte
Damasonium alisma,hydrophyte
Egeria densa,hydrophyte
Elatine hexandra,hydrophyte
Elatine hydropiper,hydrophyte
Eleogiton fluitans,hydrophyte
Elodea callitrichoides,hydrophyte
Elodea canadensis,hydrophyte
Elodea ernstiae,hydrophyte
Elodea nuttallii,hydrophyte
Eriocaulon aquaticum,hydrophyte
Eriocaulon septangulare,hydrophyte
Galium constrictum,hydrophyte
Galium debile,hydrophyte
Glyceria fluitans,hydrophyte
Glyceria maxima,hydrophyte
Glyceria notata,hydrophyte
Glyceria plicata,hydrophyte
Glyceria x pedicellata = G. fluitans x G. notata,hydrophyte
Groenlandia densa,hydrophyte
Hippuris vulgaris,hydrophyte
Hottonia palustris,hydrophyte
Hydrilla verticillata,hydrophyte
Hydrocharis morsus-ranae,hydrophyte
Isoetes echinospora,hydrophyte
Isoetes lacustris,hydrophyte
Isoetes setacea,hydrophyte
Juncus bulbosus,hydrophyte
Juncus kochii,hydrophyte
Lagarosiphon major,hydrophyte
Lemna gibba,hydrophyte
Lemna minor,hydrophyte
Lemna minuscula,hydrophyte
Lemna minuta,hydrophyte
Lemna polyrhiza,hydrophyte
Lemna trisulca,hydrophyte
Littorella uniflora,hydrophyte
Lobelia dortmanna,hydrophyte
Ludwigia palustris,hydrophyte
Luronium natans,hydrophyte
Lymnanthemum peltata,hydrophyte
Montia fontana,hydrophyte
Myriophyllum alterniflorum,hydrophyte
Myriophyllum spicatum,hydrophyte
Myriophyllum verticillatum,hydrophyte
Najas flexilis,hydrophyte
Najas marina,hydrophyte
Nuphar lutea,hydrophyte
Nuphar pumila,hydrophyte
Nymphaea alba,hydrophyte
Nymphoides peltata,hydrophyte
Oenanthe aquatica,hydrophyte
Oenanthe fluviatilis,hydrophyte
Persicaria amphibia,hydrophyte
Phragmites australis,hydrophyte
Phragmites communis,hydrophyte
Pilularia globulifera,hydrophyte
Polygonum amphibium,hydrophyte
Potamogeton acutifolius,hydrophyte
Potamogeton alpinus,hydrophyte
Potamogeton berchtoldii,hydrophyte
Potamogeton coloratus,hydrophyte
Potamogeton compressus,hydrophyte
Potamogeton crispus,hydrophyte
Potamogeton epihydrus,hydrophyte
Potamogeton filiformis,hydrophyte
Potamogeton friesii,hydrophyte
Potamogeton gramineus,hydrophyte
Potamogeton lucens,hydrophyte
Potamogeton natans,hydrophyte
Potamogeton nodosus,hydrophyte
Potamogeton obtusifolius,hydrophyte
Potamogeton panormitanus,hydrophyte
Potamogeton pectinatus,hydrophyte
Potamogeton perfoliatus,hydrophyte
Potamogeton polygonifolius,hydrophyte
Potamogeton praelongus,hydrophyte
Potamogeton pusillus,hydrophyte
Potamogeton rutilus,hydrophyte
Potamogeton trichoides,hydrophyte
Ranunculus aquatilis,hydrophyte
Ranunculus baudotii,hydrophyte
Ranunculus circinatus,hydrophyte
Ranunculus fluitans,hydrophyte
Ranunculus hederaceus,hydrophyte
Ranunculus heterophyllus,hydrophyte
Ranunculus lenormandii,hydrophyte
Ranunculus omiophyllus,hydrophyte
Ranunculus peltatus,hydrophyte
Ranunculus penicillatus,hydrophyte
Ranunculus trichophyllus,hydrophyte
Ranunculus tripartitus,hydrophyte
Rumex aquaticus,hydrophyte
Rumex hydrolapathum,hydrophyte
Ruppia cirrhosa,hydrophyte
Ruppia maritima,hydrophyte
Ruppia spiralis,hydrophyte
Sagittaria latifolia,hydrophyte
Sagittaria sagittifolia,hydrophyte
Schoenoplectus lacustris,hydrophyte
Schoenoplectus tabernaemontani,hydrophyte
Scirpus fluitans,hydrophyte
Scirpus lacustris,hydrophyte
Sparganium angustifolium,hydrophyte
Sparganium emersum,hydrophyte
Sparganium erectum,hydrophyte
Sparganium minimum,hydrophyte
Sparganium natans,hydrophyte
Spirodela polyrhiza,hydrophyte
Stratiotes aloides,hydrophyte
Tillaea recurva,hydrophyte
Typha angustifolia,hydrophyte
Typha latifolia,hydrophyte
Utricularia australis,hydrophyte
Utricularia intermedia,hydrophyte
Utricularia minor,hydrophyte
Utricularia neglecta,hydrophyte
Utricularia ochroleuca,hydrophyte
Utricularia stygia,hydrophyte
Utricularia vulgaris,hydrophyte
Vallisneria spiralis,hydrophyte
Wolffia arrhiza,hydrophyte
Zannichellia palustris,hydrophyte
Zostera angustifolia,hydrophyte
Zostera marina,hydrophyte
Zostera noltei,hydrophyte
Abies grandis,phanerophyte
Acer campestre,phanerophyte
Acer platanoides,phanerophyte
Acer pseudoplatanus,phanerophyte
Alcea rosea,phanerophyte
Alnus glutinosa,phanerophyte
Amelanchier canadensis,phanerophyte
Amelanchier confusa,phanerophyte
Amelanchier grandiflora,phanerophyte
Amelanchier intermedia,phanerophyte
Amelanchier laevis,phanerophyte
Amelanchier lamarckii,phanerophyte
Arbutus unedo,phanerophyte
Arundinaria anceps,phanerophyte
Arundinaria japonica,phanerophyte
Arundinaria jaunsarensis,phanerophyte
Arundinaria quadrangularis,phanerophyte
Atriplex portulacoides,phanerophyte
Berberis vulgaris,phanerophyte
Betula nana,phanerophyte
Betula nana,phanerophyte
Betula pendula,phanerophyte
Betula pubescens,phanerophyte
Buddleja davidii,phanerophyte
Buxus sempervirens,phanerophyte
Calluna vulgaris,phanerophyte
Carpinus betulus,phanerophyte
Castanea sativa,phanerophyte
Chimonobambusa quadrangularis,phanerophyte
Clematis vitalba,phanerophyte
Coincya wrightii,phanerophyte
Colutea arborescens,phanerophyte
Cornus sanguinea,phanerophyte
Corylus avellana,phanerophyte
Cotoneaster bullatus,phanerophyte
Cotoneaster cambricus,phanerophyte
Cotoneaster horizontalis,phanerophyte
Cotoneaster integrifolius,phanerophyte
Cotoneaster simonsii,phanerophyte
Crataegus laevigata,phanerophyte
Crataegus monogyna,phanerophyte
Crataegus oxyacanthoides,phanerophyte
Cytisus scoparius,phanerophyte
Daphne laureola,phanerophyte
Daphne mezereum,phanerophyte
Empetrum hermaphroditum,phanerophyte
Empetrum nigrum,phanerophyte
Erica ciliaris,phanerophyte
Erica cinerea,phanerophyte
Erica erigena,phanerophyte
Erica herbacea subsp. occidentalis,phanerophyte
Erica hibernica,phanerophyte
Erica mackaiana,phanerophyte
Erica mediterranea,phanerophyte
Erica tetralix,phanerophyte
Erica vagans,phanerophyte
Escallonia macrantha,phanerophyte
Escallonia rubra,phanerophyte
Euonymus europaeus,phanerophyte
Euphorbia amygdaloides,phanerophyte
Fagus sylvatica,phanerophyte
Fargesia spathacea,phanerophyte
Frangula alnus,phanerophyte
Fraxinus excelsior,phanerophyte
Fuchsia magellanica,phanerophyte
Gaultheria mucronata,phanerophyte
Gaultheria shallon,phanerophyte
Genista anglica,phanerophyte
Genista pilosa,phanerophyte
Genista tinctoria,phanerophyte
Halimione portulacoides,phanerophyte
Hebe elliptica,phanerophyte
Hebe salicifolia,phanerophyte
Hebe speciosa,phanerophyte
Hebe x franciscana,phanerophyte
Hedera helix,phanerophyte
Hippophae rhamnoides,phanerophyte
Hutera wrightii,phanerophyte
Hypericum androsaemum,phanerophyte
Hypericum calycinum,phanerophyte
Ilex aquifolium,phanerophyte
Juniperus communis,phanerophyte
Kalmia latifolia,phanerophyte
Laburnum anagyroides,phanerophyte
Ledum groenlandicum,phanerophyte
Ledum palustre,phanerophyte
Leycesteria formosa,phanerophyte
Ligustrum ovalifolium,phanerophyte
Ligustrum vulgare,phanerophyte
Lonicera caprifolium,phanerophyte
Lonicera periclymenum,phanerophyte
Lonicera xylosteum,phanerophyte
Lupinus arboreus,phanerophyte
Lycium barbarum,phanerophyte
Lycium halimifolium,phanerophyte
Lycopersicon esculentum,phanerophyte
Mahonia aquifolium,phanerophyte
Malus domestica,phanerophyte
Malus pumila,phanerophyte
Malus sylvestris,phanerophyte
Malus sylvestris subsp. mitis,phanerophyte
Muehlenbeckia complexa,phanerophyte
Myrica gale,phanerophyte
Pernettya mucronata,phanerophyte
Phormium colensoi,phanerophyte
Phormium cookianum,phanerophyte
Phormium tenax,phanerophyte
Pinus pinaster,phanerophyte
Pinus sylvestris,phanerophyte
Pittosporum crassifolium,phanerophyte
Pleioblastus chino,phanerophyte
Pleioblastus pygmaeus,phanerophyte
Pleioblastus simonii,phanerophyte
Populus alba x tremula x canescens,phanerophyte
Populus nigra,phanerophyte
Populus tremula,phanerophyte
Populus x hybrida,phanerophyte
Potentilla fruticosa,phanerophyte
Prunus avium,phanerophyte
Prunus domestica,phanerophyte
Prunus insititia,phanerophyte
Prunus laurocerasus,phanerophyte
Prunus padus,phanerophyte
Prunus serotina,phanerophyte
Prunus spinosa,phanerophyte
Pseudosasa japonica,phanerophyte
Pyrus cordata,phanerophyte
Quercus cerris,phanerophyte
Quercus petraea,phanerophyte
Quercus robur,phanerophyte
Rhamnus cathartica,phanerophyte
Rhododendron luteum,phanerophyte
Rhododendron ponticum,phanerophyte
Rhynchosinapis wrightii,phanerophyte
Ribes alpinum,phanerophyte
Ribes nigrum,phanerophyte
Ribes rubrum,phanerophyte
Ribes spicatum,phanerophyte
Ribes sylvestre,phanerophyte
Ribes uva-crispa,phanerophyte
Robinia pseudoacacia,phanerophyte
Rosa afzeliana,phanerophyte
Rosa agrestis,phanerophyte
Rosa arvensis,phanerophyte
Rosa caesia,phanerophyte
Rosa canina,phanerophyte
Rosa coriifolia,phanerophyte
Rosa corymbifera,phanerophyte
Rosa dumalis,phanerophyte
Rosa glauca,phanerophyte
Rosa micrantha,phanerophyte
Rosa mollis,phanerophyte
Rosa obtusifolia,phanerophyte
Rosa pimpinellifolia,phanerophyte
Rosa rubiginosa,phanerophyte
Rosa rugosa,phanerophyte
Rosa scabriuscula,phanerophyte
Rosa sherardii,phanerophyte
Rosa spinosissima,phanerophyte
Rosa squarrosa,phanerophyte
Rosa stylosa,phanerophyte
Rosa tomentosa,phanerophyte
Rosa villosa,phanerophyte
Rosa vosagiaca,phanerophyte
Rubus caesius,phanerophyte
Rubus fruticosus,phanerophyte
Rubus idaeus,phanerophyte
Rubus spectabilis,phanerophyte
Ruscus aculeatus,phanerophyte
Salix alba,phanerophyte
Salix arbuscula,phanerophyte
Salix atrocinerea,phanerophyte
Salix aurita,phanerophyte
Salix caprea,phanerophyte
Salix cinerea,phanerophyte
Salix cinerea oleifolia,phanerophyte
Salix decipiens,phanerophyte
Salix fragilis,phanerophyte
Salix hibernica,phanerophyte
Salix lanata,phanerophyte
Salix lapponum,phanerophyte
Salix myrsinifolia,phanerophyte
Salix myrsinites,phanerophyte
Salix nigricans,phanerophyte
Salix pentandra,phanerophyte
Salix phylicifolia,phanerophyte
Salix purpurea,phanerophyte
Salix repens,phanerophyte
Salix triandra,phanerophyte
Salix viminalis,phanerophyte
Sambucus canadensis,phanerophyte
Sambucus nigra,phanerophyte
Sambucus pubens,phanerophyte
Sambucus racemosa,phanerophyte
Sambucus sieboldiana,phanerophyte
Sarothamnus scoparius,phanerophyte
Sasa palmata,phanerophyte
Sasa veitchii,phanerophyte
Sasaella ramosa,phanerophyte
Semiarundinaria fastuosa,phanerophyte
Sinarundinaria anceps,phanerophyte
Solanum dulcamara,phanerophyte
Solanum lycopersicon,phanerophyte
Sorbus anglica,phanerophyte
Sorbus aria,phanerophyte
Sorbus arranensis,phanerophyte
Sorbus aucuparia,phanerophyte
Sorbus bristoliensis,phanerophyte
Sorbus devoniensis,phanerophyte
Sorbus eminens,phanerophyte
Sorbus hibernica,phanerophyte
Sorbus intermedia,phanerophyte
Sorbus lancastriensis,phanerophyte
Sorbus leptophylla,phanerophyte
Sorbus leyana,phanerophyte
Sorbus minima,phanerophyte
Sorbus porrigentiformis,phanerophyte
Sorbus pseudofennica,phanerophyte
Sorbus rupicola,phanerophyte
Sorbus subcuneata,phanerophyte
Sorbus torminalis,phanerophyte
Sorbus vexans,phanerophyte
Sorbus wilmottiana,phanerophyte
Spiraea alba,phanerophyte
Spiraea salicifolia,phanerophyte
Suaeda fruticosa,phanerophyte
Suaeda vera,phanerophyte
Swida sanguinea,phanerophyte
Symphoricarpos albus,phanerophyte
Symphoricarpos racemosus,phanerophyte
Symphoricarpos rivularis,phanerophyte
Syringa vulgaris,phanerophyte
Taxus baccata,phanerophyte
Thelycrania sanguinea,phanerophyte
Tilia cordata,phanerophyte
Tilia platyphyllos,phanerophyte
Ulex europaeus,phanerophyte
Ulex gallii,phanerophyte
Ulex minor,phanerophyte
Ulex nanus,phanerophyte
Ulmus angustifolia,phanerophyte
Ulmus carpinifolia,phanerophyte
Ulmus diversifolia,phanerophyte
Ulmus glabra,phanerophyte
Ulmus minor,phanerophyte
Ulmus sarniensis,phanerophyte
Ulmus stricta,phanerophyte
Vaccinium myrtillus,phanerophyte
Vaccinium uliginosum,phanerophyte
Vaccinium vitis-idaea,phanerophyte
Veronica salicifolia,phanerophyte
Viburnum lantana,phanerophyte
Viburnum opulus,phanerophyte
Yushania anceps,phanerophyte
Abutilon theophrasti,therophyte
Acinos arvensis,therophyte
Adonis annua,therophyte
Aethusa cynapium,therophyte
Agrostemma githago,therophyte
Aira armoricana,therophyte
Aira caryophyllea,therophyte
Aira multiculmis,therophyte
Aira praecox,therophyte
Alchemilla arvensis,therophyte
Alchemilla mirocarpa,therophyte
Alopecurus aequalis,therophyte
Alopecurus myosuroides,therophyte
Alyssum alyssoides,therophyte
Amoria glomerata,therophyte
Amoria suffocata,therophyte
Amsinckia lycopsoides,therophyte
Anagallis arvensis,therophyte
Anagallis minima,therophyte
Anchusa arvensis,therophyte
Anisantha diandra,therophyte
Anisantha gussonei,therophyte
Anisantha sterilis,therophyte
Anisantha tectorum,therophyte
Anogramma leptophylla,therophyte
Anthemis arvensis,therophyte
Anthemis cotula,therophyte
Anthriscus caucalis,therophyte
Anthriscus vulgaris,therophyte
Antirrhinum orontium,therophyte
Apera interrupta,therophyte
Apera spica-venti,therophyte
Aphanes arvensis,therophyte
Aphanes inexspectata,therophyte
Aphanes microcarpa,therophyte
Arabidopsis thaliana,therophyte
Arenaria norvegica,therophyte
Arenaria serpyllifolia,therophyte
Arnoseris minima,therophyte
Atriplex glabriuscula,therophyte
Atriplex hastata,therophyte
Atriplex laciniata,therophyte
Atriplex littoralis,therophyte
Atriplex longipes,therophyte
Atriplex patula,therophyte
Atriplex pedunculata,therophyte
Atriplex praecox,therophyte
Atriplex prostrata,therophyte
Avena fatua,therophyte
Avena ludoviciana,therophyte
Avena sterilis,therophyte
Bartsia odontites,therophyte
Beta vulgaris,therophyte
Bidens cernua,therophyte
Bidens connata,therophyte
Bidens frondosa,therophyte
Bidens tripartita,therophyte
Bilderdykia convolvulus,therophyte
Blackstonia perfoliata,therophyte
Brassica campestris,therophyte
Brassica napus,therophyte
Brassica nigra,therophyte
Brassica rapa,therophyte
Briza minor,therophyte
Bromus commutatus,therophyte
Bromus diandrus,therophyte
Bromus hordeaceus,therophyte
Bromus lepidus,therophyte
Bromus mollis,therophyte
Bromus pseudosecalinus,therophyte
Bromus racemosus,therophyte
Bromus secalinus,therophyte
Bromus sterilis,therophyte
Bromus tectorum,therophyte
Buglossoides arvensis,therophyte
Bupleurum baldense,therophyte
Bupleurum tenuissimum,therophyte
Cakile edentula,therophyte
Cakile maritima,therophyte
Callitriche brutia,therophyte
Callitriche brutia subsp. hamulata,therophyte
Callitriche hamulata,therophyte
Callitriche intermedia subsp. hamulata,therophyte
Callitriche intermedia subsp. pedunculata,therophyte
Callitriche pedunculata,therophyte
Callitriche platycarpa,therophyte
Callitriche polymorpha,therophyte
Callitriche stagnalis,therophyte
Calycomorphum subterraneum,therophyte
Camelina sativa,therophyte
Capsella bursa-pastoris,therophyte
Cardamine hirsuta,therophyte
Cardamine impatiens,therophyte
Carduus tenuiflorus,therophyte
Catapodium marinum,therophyte
Catapodium rigidum,therophyte
Caucalis anthriscus,therophyte
Caucalis nodosa,therophyte
Centaurea cyanus,therophyte
Centaurea solstitialis,therophyte
Centaurium pulchellum,therophyte
Centaurium tenuiflorum,therophyte
Centunculus minimus,therophyte
Cerastium atrovirens,therophyte
Cerastium brachypetalum,therophyte
Cerastium diffusum,therophyte
Cerastium glomeratum,therophyte
Cerastium pumilum,therophyte
Cerastium semidecandrum,therophyte
Cerastium tetrandrum,therophyte
Ceratocapnos claviculata,therophyte
Chaenorhinum minus,therophyte
Chamomilla recutita,therophyte
Chamomilla suaveolens,therophyte
Chenopodium album,therophyte
Chenopodium botryodes,therophyte
Chenopodium chenopodioides,therophyte
Chenopodium ficifolium,therophyte
Chenopodium glaucum,therophyte
Chenopodium hybridum,therophyte
Chenopodium murale,therophyte
Chenopodium opulifolium,therophyte
Chenopodium polyspermum,therophyte
Chenopodium reticulatum,therophyte
Chenopodium rubrum,therophyte
Chenopodium urbicum,therophyte
Chenopodium vulvaria,therophyte
Chlora perfoliata,therophyte
Chrysanthemum segetum,therophyte
Chrysaspis aurea,therophyte
Chrysaspis campestris,therophyte
Chrysaspis dubia,therophyte
Chrysaspis micrantha,therophyte
Cicendia filiformis,therophyte
Claytonia perfoliata,therophyte
Claytonia sibirica,therophyte
Clinopodium acinos,therophyte
Cochlearia danica,therophyte
Conyza canadensis,therophyte
Coronopus didymus,therophyte
Coronopus squamatus,therophyte
Corrigiola litoralis,therophyte
Corydalis claviculata,therophyte
Cotula coronopifolia,therophyte
Crassula aquatica,therophyte
Crassula tillaea,therophyte
Crepis capillaris,therophyte
Crepis foetida,therophyte
Crepis vesicaria,therophyte
Crepis virens,therophyte
Cuscuta epithymum,therophyte
Cuscuta europaea,therophyte
Cyperus fuscus,therophyte
Datura inermis,therophyte
Datura stramonium,therophyte
Datura tatula,therophyte
Descurainia sophia,therophyte
Desmazeria marina,therophyte
Desmazeria rigida,therophyte
Dianthus armeria,therophyte
Digitaria ischaemum,therophyte
Diplotaxis muralis,therophyte
Draba muralis,therophyte
Erigeron acer,therophyte
Erigeron acris,therophyte
Erigeron canadensis,therophyte
Erodium cicutarium,therophyte
Erodium maritimum,therophyte
Erodium moschatum,therophyte
Erophila glabrescens,therophyte
Erophila majuscula,therophyte
Erophila praecox,therophyte
Erophila spathulata,therophyte
Erophila verna,therophyte
Erysimum cheiranthoides,therophyte
Erythraea pulchella,therophyte
Euphorbia exigua,therophyte
Euphorbia helioscopia,therophyte
Euphorbia peplis,therophyte
Euphorbia peplus,therophyte
Euphorbia platyphyllos,therophyte
Euphorbia serrulata,therophyte
Euphorbia stricta,therophyte
Euphrasia anglica,therophyte
Euphrasia arctica,therophyte
Euphrasia cambrica,therophyte
Euphrasia campbelliae,therophyte
Euphrasia confusa,therophyte
Euphrasia foulaensis,therophyte
Euphrasia frigida,therophyte
Euphrasia heslop-harrisonii,therophyte
Euphrasia marshallii,therophyte
Euphrasia micrantha,therophyte
Euphrasia nemorosa,therophyte
Euphrasia occidentalis,therophyte
Euphrasia officinalis,therophyte
Euphrasia officinalis agg.,therophyte
Euphrasia officinalis subsp. anglica,therophyte
Euphrasia ostenfeldii,therophyte
Euphrasia pseudokerneri,therophyte
Euphrasia rivularis,therophyte
Euphrasia rostkoviana,therophyte
Euphrasia rotundifolia,therophyte
Euphrasia salisburgensis,therophyte
Euphrasia scottica,therophyte
Euphrasia tetraquetra,therophyte
Falcatula ornithopodioides,therophyte
Fallopia convolvulus,therophyte
Fallopia dumetorum,therophyte
Filaginella uliginosa,therophyte
Filago apiculata,therophyte
Filago germanica,therophyte
Filago lutescens,therophyte
Filago minima,therophyte
Filago pyramidata,therophyte
Filago spathulata,therophyte
Filago vulgaris,therophyte
Fumaria bastardii,therophyte
Fumaria capreolata,therophyte
Fumaria densiflora,therophyte
Fumaria martinii,therophyte
Fumaria micrantha,therophyte
Fumaria muralis,therophyte
Fumaria occidentalis,therophyte
Fumaria officinalis,therophyte
Fumaria parviflora,therophyte
Fumaria purpurea,therophyte
Fumaria reuteri,therophyte
Fumaria vaillantii,therophyte
Galeopsis angustifolia,therophyte
Galeopsis bifida,therophyte
Galeopsis segetum,therophyte
Galeopsis speciosa,therophyte
Galeopsis tetrahit,therophyte
Galinsoga ciliata,therophyte
Galinsoga parviflora,therophyte
Galinsoga quadriradiata,therophyte
Galium aparine,therophyte
Galium parisiense,therophyte
Gastridium ventricosum,therophyte
Gaudinia fragilis,therophyte
Gentiana campestris,therophyte
Gentiana nivalis,therophyte
Gentiana uliginosa,therophyte
Gentianella campestris,therophyte
Gentianella uliginosa,therophyte
Geranium columbinum,therophyte
Geranium dissectum,therophyte
Geranium lucidum,therophyte
Geranium molle,therophyte
Geranium purpureum,therophyte
Geranium pusillum,therophyte
Geranium robertianum,therophyte
Geranium robertianum subsp. purpureum,therophyte
Geranium rotundifolium,therophyte
Glebionis segetum,therophyte
Gnaphalium luteo-album,therophyte
Gnaphalium luteoalbum,therophyte
Gnaphalium uliginosum,therophyte
Halimione pedunculata,therophyte
Helminthotheca echioides,therophyte
Herniaria glabra,therophyte
Holosteum umbellatum,therophyte
Hordeum glaucum,therophyte
Hordeum jubatum,therophyte
Hordeum leporinum,therophyte
Hordeum marinum,therophyte
Hordeum murinum,therophyte
Hornungia petraea,therophyte
Hypericum canadense,therophyte
Hypochaeris glabra,therophyte
Iberis amara,therophyte
Illecebrum verticillatum,therophyte
Impatiens biflora,therophyte
Impatiens capensis,therophyte
Impatiens fulva,therophyte
Impatiens glandulifera,therophyte
Impatiens noli-tangere,therophyte
Impatiens parviflora,therophyte
Isolepis cernua,therophyte
Isolepis setacea,therophyte
Juncus ambiguus,therophyte
Juncus bufonius,therophyte
Juncus capitatus,therophyte
Juncus foliosus,therophyte
Juncus minutulus,therophyte
Juncus mutabilis,therophyte
Juncus pygmaeus,therophyte
Juncus ranarius,therophyte
Kickxia elatine,therophyte
Kickxia spuria,therophyte
Koenigia islandica,therophyte
Kohlrauschia prolifera,therophyte
Lactuca saligna,therophyte
Lactuca serriola,therophyte
Lactuca virosa,therophyte
Lagurus ovatus,therophyte
Lamium amplexicaule,therophyte
Lamium confertum,therophyte
Lamium hybridum,therophyte
Lamium moluccellifolium,therophyte
Lamium purpureum,therophyte
Lapsana communis,therophyte
Lathyrus aphaca,therophyte
Lathyrus nissolia,therophyte
Lavatera cretica,therophyte
Legousia hybrida,therophyte
Lepidium campestre,therophyte
Lepidium didymum,therophyte
Lepidium ruderale,therophyte
Lepidium squamatum,therophyte
Limosella aquatica,therophyte
Limosella australis,therophyte
Limosella subulata,therophyte
Linaria elatine,therophyte
Linaria spuria,therophyte
Linaria supina,therophyte
Linum angustifolium,therophyte
Linum bienne,therophyte
Lithospermum arvense,therophyte
Lobularia maritima,therophyte
Logfia minima,therophyte
Lolium multiflorum,therophyte
Lotus angustissimus,therophyte
Lotus hispidus,therophyte
Lotus parviflorus,therophyte
Lotus suaveolens,therophyte
Lotus subbiflorus,therophyte
Lycopsis arvensis,therophyte
Lythrum hyssopifolia,therophyte
Lythrum portula,therophyte
Lythrum portula,therophyte
Malva neglecta,therophyte
Malva pseudolavatera,therophyte
Matricaria discoidea,therophyte
Matricaria matricarioides,therophyte
Matricaria perforata,therophyte
Matricaria recutita,therophyte
Matricaria suaveolens,therophyte
Matthiola incana,therophyte
Medicago arabica,therophyte
Medicago hispida,therophyte
Medicago lupulina,therophyte
Medicago minima,therophyte
Medicago nigra,therophyte
Medicago polymorpha,therophyte
Melampyrum arvense,therophyte
Melampyrum cristatum,therophyte
Melampyrum pratense,therophyte
Melampyrum sylvaticum,therophyte
Melilotus alba,therophyte
Melilotus albus,therophyte
Mercurialis annua,therophyte
Mibora minima,therophyte
Microthlaspi perfoliatum,therophyte
Minuartia hybrida,therophyte
Misopates orontium,therophyte
Moehringia trinervia,therophyte
Moenchia erecta,therophyte
Montia fontana,therophyte
Montia perfoliata,therophyte
Montia sibirica,therophyte
Myosotis collina,therophyte
Myosotis discolor,therophyte
Myosotis ramosissima,therophyte
Myosotis versicolor,therophyte
Myosurus minimus,therophyte
Nardurus maritimus,therophyte
Nasturtium palustre,therophyte
Odontites verna,therophyte
Odontites vernus,therophyte
Oenothera stricta,therophyte
Ononis reclinata,therophyte
Ornithopus perpusillus,therophyte
Ornithopus pinnatus,therophyte
Orobanche minor,therophyte
Oxalis corniculata,therophyte
Oxalis europaea,therophyte
Oxalis fontana,therophyte
Oxalis stricta,therophyte
Papaver argemone,therophyte
Papaver commutatum,therophyte
Papaver dubium,therophyte
Papaver hybridum,therophyte
Papaver rhoeas,therophyte
Papaver somniferum,therophyte
Papaver strigosum,therophyte
Paramesus strictus,therophyte
Parapholis incurva,therophyte
Parapholis strigosa,therophyte
Parentucellia viscosa,therophyte
Pedicularis palustris,therophyte
Peplis portula,therophyte
Peplis portula,therophyte
Persicaria hydropiper,therophyte
Persicaria lapathifolia,therophyte
Persicaria laxiflora,therophyte
Persicaria maculosa,therophyte
Persicaria minor,therophyte
Persicaria mitis,therophyte
Petrorhagia prolifera,therophyte
Phalaris paradoxa,therophyte
Phleum arenarium,therophyte
Picris echioides,therophyte
Plantago coronopus,therophyte
Poa annua,therophyte
Poa infirma,therophyte
Polycarpon diphyllum,therophyte
Polycarpon tetraphyllum,therophyte
Polygonum arenastrum,therophyte
Polygonum aviculare,therophyte
Polygonum boreale,therophyte
Polygonum convolvulus,therophyte
Polygonum dumetorum,therophyte
Polygonum hydropiper,therophyte
Polygonum lapathifolium,therophyte
Polygonum minus,therophyte
Polygonum mite,therophyte
Polygonum nodosum,therophyte
Polygonum oxyspermum,therophyte
Polygonum persicaria,therophyte
Polygonum raii,therophyte
Polygonum rurivagum,therophyte
Polypogon monspeliensis,therophyte
Polypogon paniceus,therophyte
Portulaca oleracea,therophyte
Potentilla norvegica,therophyte
Pseudognaphalium luteoalbum,therophyte
Puccinellia rupestris,therophyte
Pulicaria vulgaris,therophyte
Radiola linoides,therophyte
Ranunculus aquatilis,therophyte
Ranunculus arvensis,therophyte
Ranunculus baudotii,therophyte
Ranunculus hederaceus,therophyte
Ranunculus heterophyllus,therophyte
Ranunculus lenormandii,therophyte
Ranunculus muricatus,therophyte
Ranunculus omiophyllus,therophyte
Ranunculus ophioglossifolius,therophyte
Ranunculus parviflorus,therophyte
Ranunculus peltatus,therophyte
Ranunculus sardous,therophyte
Ranunculus sceleratus,therophyte
Ranunculus trichophyllus,therophyte
Ranunculus tripartitus,therophyte
Raphanus maritimus,therophyte
Raphanus raphanistrum,therophyte
Rhinanthus angustifolius,therophyte
Rhinanthus cristal-galli,therophyte
Rhinanthus minor,therophyte
Rhinanthus serotinus,therophyte
Rorippa islandica,therophyte
Rorippa palustris,therophyte
Rumex maritimus,therophyte
Sagina apetala,therophyte
Sagina ciliata,therophyte
Sagina filicaulis,therophyte
Sagina maritima,therophyte
Salicornia dolichostachya,therophyte
Salicornia europaea,therophyte
Salicornia fragilis,therophyte
Salicornia lutescens,therophyte
Salicornia nitens,therophyte
Salicornia obscura,therophyte
Salicornia pusilla,therophyte
Salicornia ramosissima,therophyte
Salsola kali,therophyte
Satureja acinos,therophyte
Saxifraga tridactylites,therophyte
Scandix pecten-veneris,therophyte
Scirpus cernuus,therophyte
Scirpus setaceus,therophyte
Scleranthus annuus,therophyte
Senecio squalidus,therophyte
Senecio sylvaticus,therophyte
Senecio vernalis,therophyte
Senecio viscosus,therophyte
Senecio vulgaris,therophyte
Sherardia arvensis,therophyte
Silene conica,therophyte
Silene gallica,therophyte
Silene noctiflora,therophyte
Sinapis alba,therophyte
Sinapis arvensis,therophyte
Sisymbrium altissimum,therophyte
Sisymbrium irio,therophyte
Sisymbrium loeselii,therophyte
Sisymbrium officinale,therophyte
Sisymbrium orientale,therophyte
Sisymbrium thallianum,therophyte
Solanum nigrum,therophyte
Solanum sarachoides,therophyte
Solanum sarrachoides,therophyte
Solanum triflorum,therophyte
Sonchus asper,therophyte
Spergula arvensis,therophyte
Spergularia arvensis,therophyte
Spergularia bocconei,therophyte
Spergularia marina,therophyte
Spergularia rubra,therophyte
Stachys arvensis,therophyte
Stellaria media,therophyte
Stellaria neglecta,therophyte
Stellaria pallida,therophyte
Suaeda maritima,therophyte
Subularia aquatica,therophyte
Subularia aquatica,therophyte
Teesdalia nudicaulis,therophyte
Teucrium botrys,therophyte
Thlaspi alliaceum,therophyte
Thlaspi arvense,therophyte
Thlaspi perfoliatum,therophyte
Tillaea aquatica,therophyte
Tillaea muscosa,therophyte
Torilis japonica,therophyte
Torilis nodosa,therophyte
Trifolium arvense,therophyte
Trifolium aureum,therophyte
Trifolium bocconei,therophyte
Trifolium campestre,therophyte
Trifolium dubium,therophyte
Trifolium filiforme,therophyte
Trifolium glomeratum,therophyte
Trifolium incarnatum,therophyte
Trifolium incarnatum molinerii,therophyte
Trifolium micranthum,therophyte
Trifolium ornithopodioides,therophyte
Trifolium scabrum,therophyte
Trifolium squamosum,therophyte
Trifolium striatum,therophyte
Trifolium strictum,therophyte
Trifolium subterraneum,therophyte
Trifolium suffocatum,therophyte
Tripleurospermum inodorum,therophyte
Tripleurospermum maritimum subsp. inodorum,therophyte
Tuberaria guttata,therophyte
Urtica urens,therophyte
Valerianella carinata,therophyte
Valerianella dentata,therophyte
Valerianella eriocarpa,therophyte
Valerianella locusta,therophyte
Valerianella olitaria,therophyte
Valerianella rimosa,therophyte
Veronica agrestis,therophyte
Veronica arvensis,therophyte
Veronica hederifolia,therophyte
Veronica peregrina,therophyte
Veronica persica,therophyte
Veronica polita,therophyte
Veronica praecox,therophyte
Veronica triphyllos,therophyte
Veronica verna,therophyte
Vicia angustifolia,therophyte
Vicia gemella,therophyte
Vicia gracilis,therophyte
Vicia hirsuta,therophyte
Vicia laevigata,therophyte
Vicia lathyroides,therophyte
Vicia laxiflora,therophyte
Vicia lutea,therophyte
Vicia parviflora,therophyte
Vicia sativa,therophyte
Vicia tenuissima,therophyte
Vicia tetrasperma,therophyte
Vicia tetrasperma subsp. gracilis,therophyte
Viola arvensis,therophyte
Viola kitaibeliana,therophyte
Viola tricolor,therophyte
Vulpia bromoides,therophyte
Vulpia ciliata,therophyte
Vulpia fasciculata,therophyte
Vulpia megalura,therophyte
Vulpia membranacea,therophyte
Vulpia myuros,therophyte
Vulpia unilateralis,therophyte
Ranunculus ficaria,geophyte
Silene uniflora,hemicryptophyte