species,photo
Acaena anserinifolia,c3
Acaena novae-zelandiae,c3
Acer campestre,c3
Acer platanoides,c3
Acer pseudoplatanus,c3
Aceras anthropophorum,c3
Achillea millefolium,c3
Achillea ptarmica,c3
Acinos arvensis,c3
Aconitum anglicum,c3
Aconitum napellus,c3
Acorus calamus,c3
Actaea spicata,c3
Adonis annua,c3
Adoxa moschatellina,c3
Aegopodium podagraria,c3
Aethusa cynapium,c3
Agapanthus praecox,c3
Agrimonia agrimonioides,c3
Agrimonia eupatoria,c3
Agrimonia odorata,c3
Agrimonia procera,c3
Agrimonia repens,c3
Agropyron caninum,c3
Agropyron donianum,c3
Agropyron junceiforme,c3
Agropyron junceum,c3
Agropyron pungens,c3
Agropyron pycnanthum,c3
Agropyron repens,c3
Agrostemma githago,c3
Agrostis canina,c3
Agrostis canina subsp. montana,c3
Agrostis capillaris,c3
Agrostis castellana,c3
Agrostis curtisii,c3
Agrostis gigantea,c3
Agrostis setacea,c3
Agrostis stolonifera,c3
Agrostis tenuis,c3
Agrostis vinealis,c3
Ailanthus altissima,c3
Aira armoricana,c3
Aira caryophyllea,c3
Aira multiculmis,c3
Aira praecox,c3
Ajuga chamaepitys,c3
Ajuga pyramidalis,c3
Ajuga reptans,c3
Alchemilla acutiloba,c3
Alchemilla alpina,c3
Alchemilla arvensis,c3
Alchemilla filicaulis,c3
Alchemilla glabra,c3
Alchemilla glaucescens,c3
Alchemilla glomerulans,c3
Alchemilla gracilis,c3
Alchemilla minima,c3
Alchemilla minor,c3
Alchemilla mirocarpa,c3
Alchemilla monticola,c3
Alchemilla obtusa,c3
Alchemilla subcrenata,c3
Alchemilla vestita,c3
Alchemilla wichurae,c3
Alchemilla xanthochlora,c3
Alisma gramineum,c3
Alisma lanceolatum,c3
Alisma plantago-aquatica,c3
Alliaria petiolata,c3
Allium carinatum,c3
Allium neapolitanum,c3
Allium oleraceum,c3
Allium roseum,c3
Allium schoenoprasum,c3
Allium scorodoprasum,c3
Allium sphaerocephalon,c3
Allium triquetrum,c3
Allium ursinum,c3
Allium vineale,c3
Alnus glutinosa,c3
Alopecurus aequalis,c3
Alopecurus alpinus,c3
Alopecurus borealis,c3
Alopecurus bulbosus,c3
Alopecurus geniculatus,c3
Alopecurus magellanicus,c3
Alopecurus myosuroides,c3
Alopecurus pratensis,c3
Althaea officinalis,c3
Alyssum alyssoides,c3
Ambrosia artemisiifolia,c3
Amelanchier canadensis,c3
Amelanchier confusa,c3
Amelanchier grandiflora,c3
Amelanchier intermedia,c3
Amelanchier laevis,c3
Amelanchier lamarckii,c3
Ammophila arenaria,c3
Amoria glomerata,c3
Amoria hybrida,c3
Amoria repens,c3
Amoria suffocata,c3
Amsinckia lycopsoides,c3
Anacamptis morio,c3
Anacamptis pyramidalis,c3
Anagallis arvensis,c3
Anagallis minima,c3
Anagallis tenella,c3
Anchusa arvensis,c3
Anchusa sempervirens,c3
Andromeda polifolia,c3
Anemone nemorosa,c3
Anemone pulsatilla,c3
Angelica archangelica,c3
Angelica sylvestris,c3
Anisantha diandra,c3
Anisantha gussonei,c3
Anisantha sterilis,c3
Anisantha tectorum,c3
Antennaria dioica,c3
Anthemis arvensis,c3
Anthemis cotula,c3
Anthoxanthum alpinum,c3
Anthoxanthum odoratum,c3
Anthriscus caucalis,c3
Anthriscus sylvestris,c3
Anthriscus vulgaris,c3
Anthyllis vulneraria,c3
Antirrhinum majus,c3
Antirrhinum orontium,c3
Apera interrupta,c3
Apera spica-venti,c3
Aphanes arvensis,c3
Aphanes inexspectata,c3
Aphanes microcarpa,c3
Apium graveolens,c3
Apium inundatum,c3
Apium nodiflorum,c3
Apium repens,c3
Aquilegia vulgaris,c3
Arabidopsis lyrata subsp. petraea,c3
Arabidopsis thaliana,c3
Arabis alpina,c3
Arabis alpina subsp. caucasica,c3
Arabis brownii,c3
Arabis caucasica,c3
Arabis glabra,c3
Arabis hirsuta,c3
Arabis petraea,c3
Arabis scabra,c3
Arabis stricta,c3
Aracium paludosum,c3
Arbutus unedo,c3
Arctium lappa,c3
Arctium minus,c3
Arctium nemorosum,c3
Arctium pubens,c3
Arctostaphylos alpinus,c3
Arctostaphylos uva-ursi,c3
Arctous alpinus,c3
Aremonia agrimonioides,c3
Arenaria ciliata,c3
Arenaria norvegica,c3
Arenaria serpyllifolia,c3
Aristolochia clematitis,c3
Armeria maritima,c3
Armoracia rusticana,c3
Arnoseris minima,c3
Arrhenatherum elatius,c3
Artemisia absinthium,c3
Artemisia campestris,c3
Artemisia maritima,c3
Artemisia norvegica,c3
Artemisia verlotiorum,c3
Artemisia vulgaris,c3
Arthrocnemon perenne,c3
Arum italicum,c3
Arum maculatum,c3
Arundinaria anceps,c3
Arundinaria japonica,c3
Arundinaria jaunsarensis,c3
Arundinaria quadrangularis,c3
Asparagus officinalis,c3
Asparagus officinalis subsp. officinalis,c3
Asperula cynanchica,c3
Asperula occidentalis,c3
Asperula odorata,c3
Aster linosyris,c3
Aster longifolius,c3
Aster novae-angliae,c3
Aster novi-belgii,c3
Astragalus alpinus,c3
Astragalus danicus,c3
Astragalus glycyphyllos,c3
Atriplex glabriuscula,c3
Atriplex hastata,c3
Atriplex littoralis,c3
Atriplex longipes,c3
Atriplex patula,c3
Atriplex pedunculata,c3
Atriplex portulacoides,c3
Atriplex praecox,c3
Atriplex prostrata,c3
Atropa belladonna,c3
Avena fatua,c3
Avena ludoviciana,c3
Avena sterilis,c3
Avenochloa pratensis,c3
Avenochloa pubescens,c3
Avenula pratensis,c3
Avenula pubescens,c3
Baldellia ranunculoides,c3
Ballota nigra,c3
Barbarea arcuata,c3
Barbarea intermedia,c3
Barbarea stricta,c3
Barbarea verna,c3
Barbarea vulgaris,c3
Bartsia alpina,c3
Bartsia odontites,c3
Bellis perennis,c3
Berberis vulgaris,c3
Berula erecta,c3
Beta vulgaris,c3
Betonica officinalis,c3
Betula nana,c3
Betula pendula,c3
Betula pubescens,c3
Bidens cernua,c3
Bidens connata,c3
Bidens frondosa,c3
Bidens tripartita,c3
Bilderdykia convolvulus,c3
Blackstonia perfoliata,c3
Blysmus compressus,c3
Blysmus rufus,c3
Bolboschoenus maritimus,c3
Brachypodium pinnatum,c3
Brachypodium sylvaticum,c3
Brassica campestris,c3
Brassica napus,c3
Brassica nigra,c3
Brassica oleracea,c3
Brassica rapa,c3
Briza media,c3
Briza minor,c3
Bromopsis benekenii,c3
Bromopsis erecta,c3
Bromopsis ramosa,c3
Bromus benekenii,c3
Bromus carinatus,c3
Bromus commutatus,c3
Bromus diandrus,c3
Bromus erectus,c3
Bromus hordeaceus,c3
Bromus lepidus,c3
Bromus mollis,c3
Bromus pseudosecalinus,c3
Bromus racemosus,c3
Bromus ramosus,c3
Bromus secalinus,c3
Bromus sterilis,c3
Bromus tectorum,c3
Bryonia cretica,c3
Bryonia cretica subsp. dioica,c3
Bryonia dioica,c3
Buddleja davidii,c3
Buglossoides arvensis,c3
Buglossoides purpurocaerulea,c3
Bunias orientalis,c3
Bunium bulbocastanum,c3
Bupleurum baldense,c3
Bupleurum falcatum,c3
Bupleurum tenuissimum,c3
Butomus umbellatus,c3
Buxus sempervirens,c3
Cabomba caroliniana,c3
Cakile edentula,c3
Cakile maritima,c3
Calamagrostis canescens,c3
Calamagrostis epigejos,c3
Calamagrostis purpurea,c3
Calamagrostis scotica,c3
Calamagrostis stricta,c3
Calamintha clinopodium,c3
Calamintha nepeta,c3
Calamintha sylvatica,c3
Callitriche brutia,c3
Callitriche brutia subsp. hamulata,c3
Callitriche hamulata,c3
Callitriche hermaphroditica,c3
Callitriche intermedia subsp. hamulata,c3
Callitriche intermedia subsp. pedunculata,c3
Callitriche obtusangula,c3
Callitriche pedunculata,c3
Callitriche platycarpa,c3
Callitriche polymorpha,c3
Callitriche stagnalis,c3
Callitriche truncata,c3
Calluna vulgaris,c3
Caltha palustris,c3
Caltha radicans,c3
Calycomorphum subterraneum,c3
Calystegia dahurica,c3
Calystegia pulchra,c3
Calystegia sepium,c3
Calystegia sepium subsp. pulchra,c3
Calystegia sepium subsp. silvatica,c3
Calystegia silvatica,c3
Calystegia soldanella,c3
Camelina sativa,c3
Campanula giesekiana,c3
Campanula glomerata,c3
Campanula latifolia,c3
Campanula patula,c3
Campanula portenschlagiana,c3
Campanula poscharskyana,c3
Campanula rapunculoides,c3
Campanula rotundifolia,c3
Campanula trachelium,c3
Capsella bursa-pastoris,c3
Cardamine amara,c3
Cardamine bulbifera,c3
Cardamine crassifolia,c3
Cardamine flexuosa,c3
Cardamine hayeana,c3
Cardamine hirsuta,c3
Cardamine impatiens,c3
Cardamine matthioli,c3
Cardamine nymanii,c3
Cardamine palustris,c3
Cardamine pratensis,c3
Cardamine rivularis,c3
Cardaminopsis petraea,c3
Cardaria draba,c3
Carduus acanthoides,c3
Carduus crispus,c3
Carduus nutans,c3
Carduus tenuiflorus,c3
Carex acuta,c3
Carex acutiformis,c3
Carex appropinquata,c3
Carex aquatilis,c3
Carex arenaria,c3
Carex atrata,c3
Carex atrofusca,c3
Carex bergrothii,c3
Carex bigelowii,c3
Carex binervis,c3
Carex buxbaumii,c3
Carex canescens subsp. canescens,c3
Carex capillaris,c3
Carex caryophyllea,c3
Carex chordorrhiza,c3
Carex contigua,c3
Carex cupina,c3
Carex curta,c3
Carex demissa,c3
Carex depauperata,c3
Carex diandra,c3
Carex digitata,c3
Carex dioica,c3
Carex distans,c3
Carex disticha,c3
Carex divisa,c3
Carex divulsa,c3
Carex echinata,c3
Carex elata,c3
Carex elongata,c3
Carex ericetorum,c3
Carex extensa,c3
Carex filiformis,c3
Carex flacca,c3
Carex flava,c3
Carex hirta,c3
Carex hostiana,c3
Carex humilis,c3
Carex lachenalii,c3
Carex laevigata,c3
Carex lasiocarpa,c3
Carex lepidocarpa,c3
Carex leporina,c3
Carex limosa,c3
Carex magellanica,c3
Carex maritima,c3
Carex marshallii,c3
Carex microglochin,c3
Carex montana,c3
Carex muricata,c3
Carex nigra,c3
Carex norvegica,c3
Carex ornithopoda,c3
Carex otrubae,c3
Carex ovalis,c3
Carex pallescens,c3
Carex panicea,c3
Carex paniculata,c3
Carex pauciflora,c3
Carex paupercula,c3
Carex pendula,c3
Carex pilulifera,c3
Carex praecox,c3
Carex pseudocyperus,c3
Carex pulicaris,c3
Carex punctata,c3
Carex rariflora,c3
Carex recta,c3
Carex remota,c3
Carex riparia,c3
Carex rostrata,c3
Carex rupestris,c3
Carex saxatilis,c3
Carex scandinavica,c3
Carex serotina,c3
Carex spicata,c3
Carex strigosa,c3
Carex sylvatica,c3
Carex tomentosa,c3
Carex vaginata,c3
Carex vesicaria,c3
Carex viridula,c3
Carex vulpina,c3
Carlina vulgaris,c3
Carpinus betulus,c3
Carum verticillatum,c3
Castanea sativa,c3
Catabrosa aquatica,c3
Catapodium marinum,c3
Catapodium rigidum,c3
Caucalis anthriscus,c3
Caucalis nodosa,c3
Centaurea calcitrapa,c3
Centaurea cyanus,c3
Centaurea debeauxii,c3
Centaurea nemoralis,c3
Centaurea nigra,c3
Centaurea scabiosa,c3
Centaurea solstitialis,c3
Centaurium capitatum,c3
Centaurium erythraea,c3
Centaurium latifolium,c3
Centaurium littorale,c3
Centaurium minus,c3
Centaurium portense,c3
Centaurium pulchellum,c3
Centaurium scilloides,c3
Centaurium tenuiflorum,c3
Centranthus ruber,c3
Centunculus minimus,c3
Cephalanthera damasonium,c3
Cephalanthera longifolia,c3
Cephalanthera rubra,c3
Cerastium alpinum,c3
Cerastium arcticum,c3
Cerastium arcticum subsp. edmondstonii,c3
Cerastium arvense,c3
Cerastium atrovirens,c3
Cerastium brachypetalum,c3
Cerastium cerastoides,c3
Cerastium diffusum,c3
Cerastium fontanum,c3
Cerastium glomeratum,c3
Cerastium holosteoides,c3
Cerastium nigrescens,c3
Cerastium nigrescens subsp. arcticum,c3
Cerastium pumilum,c3
Cerastium semidecandrum,c3
Cerastium tetrandrum,c3
Cerastium triviale,c3
Ceratocapnos claviculata,c3
Ceratochloa carinata,c3
Ceratophyllum demersum,c3
Ceratophyllum submersum,c3
Chaenorhinum minus,c3
Chaerophyllum temulentum,c3
Chaerophyllum temulum,c3
Chamaemelum nobile,c3
Chamaenerion angustifolium,c3
Chamaepericlymenum suecicum,c3
Chamerion angustifolium,c3
Chamomilla recutita,c3
Chamomilla suaveolens,c3
Cheiranthus cheiri,c3
Chelidonium majus,c3
Chenopodium album,c3
Chenopodium bonus-henricus,c3
Chenopodium botryodes,c3
Chenopodium chenopodioides,c3
Chenopodium ficifolium,c3
Chenopodium glaucum,c3
Chenopodium hybridum,c3
Chenopodium murale,c3
Chenopodium opulifolium,c3
Chenopodium polyspermum,c3
Chenopodium reticulatum,c3
Chenopodium rubrum,c3
Chenopodium urbicum,c3
Chenopodium vulvaria,c3
Cherleria sedoides,c3
Chimonobambusa quadrangularis,c3
Chlora perfoliata,c3
Chrysanthemum leucanthemum,c3
Chrysanthemum parthenium,c3
Chrysanthemum segetum,c3
Chrysanthemum vulgare,c3
Chrysaspis aurea,c3
Chrysaspis campestris,c3
Chrysaspis dubia,c3
Chrysaspis micrantha,c3
Chrysosplenium alternifolium,c3
Chrysosplenium oppositifolium,c3
Cicendia filiformis,c3
Cicerbita alpina,c3
Cicerbita macrophylla,c3
Cichorium intybus,c3
Cicuta virosa,c3
Circaea alpina,c3
Circaea lutetiana,c3
Circaea x intermedia,c3
Cirsium acaule,c3
Cirsium arvense,c3
Cirsium dissectum,c3
Cirsium eriophorum,c3
Cirsium helenioides,c3
Cirsium heterophyllum,c3
Cirsium palustre,c3
Cirsium tuberosum,c3
Cirsium vulgare,c3
Cladium mariscus,c3
Claytonia perfoliata,c3
Claytonia sibirica,c3
Clematis vitalba,c3
Clinopodium acinos,c3
Clinopodium calamintha,c3
Clinopodium menthifolium,c3
Clinopodium vulgare,c3
Cnicus pratensis,c3
Cochlearia alpina,c3
Cochlearia anglica,c3
Cochlearia atlantica,c3
Cochlearia danica,c3
Cochlearia groenlandica,c3
Cochlearia islandica,c3
Cochlearia micacea,c3
Cochlearia officinalis,c3
Cochlearia officinalis subsp. alpina,c3
Cochlearia officinalis subsp. pyrenaica,c3
Cochlearia pyrenaica,c3
Cochlearia scotica,c3
Coeloglossum viride,c3
Coincya monensis,c3
Coincya wrightii,c3
Colchicum autumnale,c3
Colutea arborescens,c3
Comarum palustre,c3
Conium maculatum,c3
Conopodium denudatum,c3
Conopodium majus,c3
Convallaria majalis,c3
Convolvulus arvensis,c3
Conyza albida,c3
Conyza canadensis,c3
Conyza floribunda,c3
Conyza sumatrensis,c3
Cornus sanguinea,c3
Cornus suecica,c3
Coronilla varia,c3
Coronopus didymus,c3
Coronopus squamatus,c3
Corrigiola litoralis,c3
Corydalis claviculata,c3
Corydalis lutea,c3
Corylus avellana,c3
Corynephorus canescens,c3
Cotoneaster bullatus,c3
Cotoneaster cambricus,c3
Cotoneaster dielsianus,c3
Cotoneaster divaricatus,c3
Cotoneaster franchetii,c3
Cotoneaster horizontalis,c3
Cotoneaster integrifolius,c3
Cotoneaster lacteus,c3
Cotoneaster salicifolius,c3
Cotoneaster simonsii,c3
Cotoneaster x watereri,c3
Cotula coronopifolia,c3
Crambe maritima,c3
Crataegus laevigata,c3
Crataegus monogyna,c3
Crataegus oxyacanthoides,c3
Crepis biennis,c3
Crepis capillaris,c3
Crepis foetida,c3
Crepis mollis,c3
Crepis paludosa,c3
Crepis praemorsa,c3
Crepis vesicaria,c3
Crepis virens,c3
Crinitaria linosyris,c3
Crithmum maritimum,c3
Crocosmia paniculata,c3
Crocosmia x crocosmiiflora = C. potsii x C. aurea,c3
Crocus nudiflorus,c3
Crocus vernus,c3
Cruciata chersonensis,c3
Cruciata laevipes,c3
Cucubalus baccifer,c3
Curtonus paniculatus,c3
Cymbalaria muralis,c3
Cymbalaria pallida,c3
Cynoglossum germanicum,c3
Cynoglossum montanum,c3
Cynoglossum officinale,c3
Cynosurus cristatus,c3
Cynosurus echinatus,c3
Cyperus fuscus,c3
Cypripedium calceolus,c3
Cytisus nigricans,c3
Cytisus scoparius,c3
Daboecia cantabrica,c3
Dactylis glomerata,c3
Dactylorchis fuchsii,c3
Dactylorchis incarnata,c3
Dactylorchis maculata,c3
Dactylorchis majalis,c3
Dactylorchis praetermissa,c3
Dactylorchis purpurella,c3
Dactylorchis traunsteineri,c3
Dactylorhiza fuchsii,c3
Dactylorhiza incarnata,c3
Dactylorhiza kerryensis,c3
Dactylorhiza lapponica,c3
Dactylorhiza longebracteata,c3
Dactylorhiza maculata,c3
Dactylorhiza maculata subsp. fuchsii,c3
Dactylorhiza majalis,c3
Dactylorhiza majalis subsp. praetermissa,c3
Dactylorhiza majalis subsp. purpurella,c3
Dactylorhiza praetermissa,c3
Dactylorhiza pseudocordigera,c3
Dactylorhiza purpurella,c3
Dactylorhiza traunsteineri,c3
Dactylorhiza traunsteineri subsp. lapponica,c3
Dactylorhiza traunsteinerioides,c3
Damasonium alisma,c3
Danthonia decumbens,c3
Daphne laureola,c3
Daphne mezereum,c3
Datura inermis,c3
Datura stramonium,c3
Datura tatula,c3
Daucus carota,c3
Daucus gummifer,c3
Dentaria bulbifera,c3
Deschampsia alpina,c3
Deschampsia cespitosa,c3
Deschampsia flexuosa,c3
Deschampsia setacea,c3
Descurainia sophia,c3
Desmazeria marina,c3
Desmazeria rigida,c3
Dianthus armeria,c3
Dianthus caesius,c3
Dianthus deltoides,c3
Dianthus gratianopolitanus,c3
Dianthus plumarius,c3
Diapensia lapponica,c3
Digitalis purpurea,c3
Digitaria ischaemum,c3
Diplotaxis muralis,c3
Diplotaxis tenuifolia,c3
Dipsacus fullonum,c3
Dipsacus pilosus,c3
Dipsacus sylvestris,c3
Doronicum pardalianches,c3
Draba aizoides,c3
Draba incana,c3
Draba muralis,c3
Draba norvegica,c3
Draba rupestris,c3
Drosanthemum floribundum,c3
Drosera anglica,c3
Drosera intermedia,c3
Drosera longifolia,c3
Drosera rotundifolia,c3
Dryas octopetala,c3
Echium lycopsis,c3
Echium plantagineum,c3
Echium vulgare,c3
Egeria densa,c3
Elatine hexandra,c3
Elatine hydropiper,c3
Eleocharis acicularis,c3
Eleocharis austriaca,c3
Eleocharis mamillata subsp. austriaca,c3
Eleocharis multicaulis,c3
Eleocharis palustris,c3
Eleocharis parvula,c3
Eleocharis quinqueflora,c3
Eleocharis uniglumis,c3
Eleogiton fluitans,c3
Elodea callitrichoides,c3
Elodea canadensis,c3
Elodea ernstiae,c3
Elodea nuttallii,c3
Elymus arenarius,c3
Elymus athericus,c3
Elymus caninus,c3
Elymus farctus,c3
Elymus pycnanthus,c3
Elymus repens,c3
Elymus trachycaulus,c3
Elytrigia atherica,c3
Elytrigia juncea,c3
Elytrigia repens,c3
Empetrum hermaphroditum,c3
Empetrum nigrum,c3
Endymion non-scriptus,c3
Epilobium adenocaulon,c3
Epilobium adnatum,c3
Epilobium alsinifolium,c3
Epilobium anagallidifolium,c3
Epilobium angustifolium,c3
Epilobium brunnescens,c3
Epilobium ciliatum,c3
Epilobium hirsutum,c3
Epilobium lamyi,c3
Epilobium lanceolatum,c3
Epilobium montanum,c3
Epilobium nerterioides,c3
Epilobium nerteroides,c3
Epilobium obscurum,c3
Epilobium palustre,c3
Epilobium parviflorum,c3
Epilobium pedunculare auct non cunn.,c3
Epilobium roseum,c3
Epilobium semiadnatum,c3
Epilobium tetragonum,c3
Epipactis atrorubens,c3
Epipactis cambrensis,c3
Epipactis cleistogama,c3
Epipactis confusa,c3
Epipactis dunensis,c3
Epipactis helleborine,c3
Epipactis leptochila,c3
Epipactis muelleri,c3
Epipactis palustris,c3
Epipactis pendula,c3
Epipactis phyllanthes,c3
Epipactis purpurata,c3
Epipactis vectensis,c3
Epipactis youngiana,c3
Eranthis hyemalis,c3
Erica ciliaris,c3
Erica cinerea,c3
Erica erigena,c3
Erica herbacea subsp. occidentalis,c3
Erica hibernica,c3
Erica lusitanica,c3
Erica mackaiana,c3
Erica mediterranea,c3
Erica tetralix,c3
Erica vagans,c3
Erigeron acer,c3
Erigeron acris,c3
Erigeron borealis,c3
Erigeron canadensis,c3
Erigeron glaucus,c3
Erigeron karvinskianus,c3
Erigeron mucronatus,c3
Erigeron sumatrensis,c3
Erinus alpinus,c3
Eriocaulon aquaticum,c3
Eriocaulon septangulare,c3
Eriophorum angustifolium,c3
Eriophorum gracile,c3
Eriophorum latifolium,c3
Eriophorum vaginatum,c3
Erodium cicutarium,c3
Erodium cicutarium subsp. bipinnatum,c3
Erodium glutinosum,c3
Erodium lebelii,c3
Erodium maritimum,c3
Erodium moschatum,c3
Erophila glabrescens,c3
Erophila majuscula,c3
Erophila praecox,c3
Erophila spathulata,c3
Erophila verna,c3
Eryngium campestre,c3
Eryngium maritimum,c3
Erysimum cheiranthoides,c3
Erysimum cheiri,c3
Erythraea capitata,c3
Erythraea pulchella,c3
Escallonia macrantha,c3
Escallonia rubra,c3
Euonymus europaeus,c3
Eupatorium cannabinum,c3
Euphorbia amygdaloides,c3
Euphorbia cyparissias,c3
Euphorbia dulcis,c3
Euphorbia esula,c3
Euphorbia exigua,c3
Euphorbia helioscopia,c3
Euphorbia hyberna,c3
Euphorbia paralias,c3
Euphorbia peplis,c3
Euphorbia peplus,c3
Euphorbia platyphyllos,c3
Euphorbia portlandica,c3
Euphorbia serrulata,c3
Euphorbia stricta,c3
Euphrasia anglica,c3
Euphrasia arctica,c3
Euphrasia cambrica,c3
Euphrasia campbelliae,c3
Euphrasia confusa,c3
Euphrasia foulaensis,c3
Euphrasia frigida,c3
Euphrasia heslop-harrisonii,c3
Euphrasia marshallii,c3
Euphrasia micrantha,c3
Euphrasia nemorosa,c3
Euphrasia occidentalis,c3
Euphrasia officinalis,c3
Euphrasia officinalis agg.,c3
Euphrasia officinalis subsp. anglica,c3
Euphrasia ostenfeldii,c3
Euphrasia pseudokerneri,c3
Euphrasia rivularis,c3
Euphrasia rostkoviana,c3
Euphrasia rotundifolia,c3
Euphrasia salisburgensis,c3
Euphrasia scottica,c3
Euphrasia tetraquetra,c3
Fagus sylvatica,c3
Falcatula ornithopodioides,c3
Fallopia convolvulus,c3
Fallopia dumetorum,c3
Fallopia japonica,c3
Fallopia sachalinensis,c3
Festuca altissima,c3
Festuca arenaria subsp. oraria,c3
Festuca arundinacea,c3
Festuca bastardii,c3
Festuca brevipila,c3
Festuca caesia,c3
Festuca diffusa,c3
Festuca elatior,c3
Festuca filiformis,c3
Festuca gigantea,c3
Festuca glauca,c3
Festuca guestfalica,c3
Festuca heteromalla,c3
Festuca heterophylla,c3
Festuca juncifolia,c3
Festuca lemanii,c3
Festuca longifolia,c3
Festuca nigrescens,c3
Festuca ophioliticola,c3
Festuca ovina,c3
Festuca pratensis,c3
Festuca richardsonii,c3
Festuca rubra,c3
Festuca rubra subsp. arenaria,c3
Festuca tenuifolia,c3
Festuca trachyphylla,c3
Festuca vivipara,c3
Ficaria verna,c3
Filaginella uliginosa,c3
Filago apiculata,c3
Filago germanica,c3
Filago lutescens,c3
Filago minima,c3
Filago pyramidata,c3
Filago spathulata,c3
Filago vulgaris,c3
Filipendula ulmaria,c3
Filipendula vulgaris,c3
Foeniculum vulgare,c3
Fragaria vesca,c3
Frangula alnus,c3
Frankenia laevis,c3
Fraxinus excelsior,c3
Fritillaria meleagris,c3
Fuchsia magellanica,c3
Fumaria bastardii,c3
Fumaria capreolata,c3
Fumaria densiflora,c3
Fumaria martinii,c3
Fumaria micrantha,c3
Fumaria muralis,c3
Fumaria occidentalis,c3
Fumaria officinalis,c3
Fumaria parviflora,c3
Fumaria purpurea,c3
Fumaria reuteri,c3
Fumaria vaillantii,c3
Gagea bohemica,c3
Gagea lutea,c3
Galanthus nivalis,c3
Galearia fragifera,c3
Galeobdolon luteum,c3
Galeopsis angustifolia,c3
Galeopsis bifida,c3
Galeopsis segetum,c3
Galeopsis speciosa,c3
Galeopsis tetrahit,c3
Galinsoga ciliata,c3
Galinsoga parviflora,c3
Galinsoga quadriradiata,c3
Galium aparine,c3
Galium boreale,c3
Galium constrictum,c3
Galium cruciata,c3
Galium debile,c3
Galium elongatum,c3
Galium mollugo,c3
Galium odoratum,c3
Galium palustre,c3
Galium parisiense,c3
Galium pumilum,c3
Galium saxatile,c3
Galium sterneri,c3
Galium uliginosum,c3
Galium verum,c3
Galium x pomeranicum = G. verum x G. mollugo,c3
Gastridium ventricosum,c3
Gaudinia fragilis,c3
Gaultheria mucronata,c3
Gaultheria shallon,c3
Genista anglica,c3
Genista pilosa,c3
Genista tinctoria,c3
Gentiana amarella,c3
Gentiana campestris,c3
Gentiana ciliata,c3
Gentiana germanica,c3
Gentiana nivalis,c3
Gentiana pneumonanthe,c3
Gentiana uliginosa,c3
Gentiana verna,c3
Gentianella amarella,c3
Gentianella anglica,c3
Gentianella campestris,c3
Gentianella ciliata,c3
Gentianella germanica,c3
Gentianella uliginosa,c3
Gentianopsis ciliata,c3
Geranium columbinum,c3
Geranium dissectum,c3
Geranium endressii,c3
Geranium lucidum,c3
Geranium molle,c3
Geranium phaeum,c3
Geranium purpureum,c3
Geranium pusillum,c3
Geranium pyrenaicum,c3
Geranium robertianum,c3
Geranium robertianum subsp. purpureum,c3
Geranium rotundifolium,c3
Geranium sanguineum,c3
Geranium sylvaticum,c3
Geranium versicolor,c3
Geum rivale,c3
Geum urbanum,c3
Gladiolus illyricus,c3
Glaucium flavum,c3
Glaux maritima,c3
Glebionis segetum,c3
Glechoma hederacea,c3
Glyceria declinata,c3
Glyceria fluitans,c3
Glyceria maxima,c3
Glyceria notata,c3
Glyceria plicata,c3
Glyceria x pedicellata = G. fluitans x G. notata,c3
Gnaphalium luteo-album,c3
Gnaphalium luteoalbum,c3
Gnaphalium norvegicum,c3
Gnaphalium supinum,c3
Gnaphalium sylvaticum,c3
Gnaphalium uliginosum,c3
Goodyera repens,c3
Groenlandia densa,c3
Gunnera tinctoria,c3
Gymnadenia conopsea,c3
Halimione pedunculata,c3
Halimione portulacoides,c3
Hammarbya paludosa,c3
Hebe elliptica,c3
Hebe salicifolia,c3
Hebe speciosa,c3
Hebe x franciscana,c3
Hedera helix,c3
Helianthemum apenninum,c3
Helianthemum canum,c3
Helianthemum chamaecistus,c3
Helianthemum nummularium,c3
Helictotrichon pratense,c3
Helictotrichon pubescens,c3
Helleborus foetidus,c3
Helleborus viridis,c3
Helminthotheca echioides,c3
Helxine soleirolii,c3
Heracleum mantegazzianum,c3
Heracleum sphondylium,c3
Herminium monorchis,c3
Herniaria ciliolata,c3
Herniaria glabra,c3
Hesperis matronalis,c3
Hieracium acuminatum,c3
Hieracium anglicum,c3
Hieracium argenteum,c3
Hieracium aurantiacum,c3
Hieracium britannicum,c3
Hieracium caesiomurorum,c3
Hieracium caledonicum,c3
Hieracium calenduliflorum,c3
Hieracium dewarii,c3
Hieracium diaphanoides,c3
Hieracium diaphanum,c3
Hieracium flagellare,c3
Hieracium grandidens,c3
Hieracium hanburyi,c3
Hieracium holosericeum,c3
Hieracium iricum,c3
Hieracium lachenalii,c3
Hieracium lasiophyllum,c3
Hieracium latobrigorum,c3
Hieracium maculatum,c3
Hieracium mirandum,c3
Hieracium oistophyllum,c3
Hieracium orcadense,c3
Hieracium paludosum,c3
Hieracium peleteranum,c3
Hieracium pellucidum,c3
Hieracium pilosella,c3
Hieracium prenanthoides,c3
Hieracium reticulatum,c3
Hieracium rigens,c3
Hieracium schmidtii,c3
Hieracium sciaphilum,c3
Hieracium senescens,c3
Hieracium sparsifolium,c3
Hieracium umbellatum,c3
Hieracium vagum,c3
Hieracium vulgatum,c3
Hierochloe odorata,c3
Himantoglossum hircinum,c3
Hippocrepis comosa,c3
Hippophae rhamnoides,c3
Hippuris vulgaris,c3
Holcus lanatus,c3
Holcus mollis,c3
Holoschoenus vulgaris,c3
Holosteum umbellatum,c3
Homogyne alpina,c3
Honckenya peploides,c3
Honkenya peploides,c3
Hordelymus europaeus,c3
Hordeum glaucum,c3
Hordeum jubatum,c3
Hordeum leporinum,c3
Hordeum marinum,c3
Hordeum murinum,c3
Hordeum secalinum,c3
Hornungia petraea,c3
Hottonia palustris,c3
Humulus lupulus,c3
Hutera monensis,c3
Hutera wrightii,c3
Hyacinthoides non-scripta,c3
Hydrilla verticillata,c3
Hydrocharis morsus-ranae,c3
Hydrocotyle vulgaris,c3
Hyoscyamus niger,c3
Hypericum androsaemum,c3
Hypericum calycinum,c3
Hypericum canadense,c3
Hypericum dubium,c3
Hypericum elodes,c3
Hypericum hirsutum,c3
Hypericum humifusum,c3
Hypericum linariifolium,c3
Hypericum maculatum,c3
Hypericum montanum,c3
Hypericum perforatum,c3
Hypericum pulchrum,c3
Hypericum quadrangulum,c3
Hypericum tetrapterum,c3
Hypericum undulatum,c3
Hypochaeris glabra,c3
Hypochaeris maculata,c3
Hypochaeris radicata,c3
Iberis amara,c3
Ilex aquifolium,c3
Illecebrum verticillatum,c3
Impatiens biflora,c3
Impatiens capensis,c3
Impatiens fulva,c3
Impatiens glandulifera,c3
Impatiens noli-tangere,c3
Impatiens parviflora,c3
Imperatoria ostruthium,c3
Inula conyza,c3
Inula conyzae,c3
Inula crithmoides,c3
Inula salicina,c3
Iris foetidissima,c3
Iris pseudacorus,c3
Iris versicolor,c3
Isatis tinctoria,c3
Isolepis cernua,c3
Isolepis setacea,c3
Jasione montana,c3
Juncus acutiflorus,c3
Juncus acutus,c3
Juncus alpinoarticulatus,c3
Juncus alpinus,c3
Juncus ambiguus,c3
Juncus articulatus,c3
Juncus balticus,c3
Juncus biglumis,c3
Juncus bufonius,c3
Juncus bulbosus,c3
Juncus capitatus,c3
Juncus castaneus,c3
Juncus compressus,c3
Juncus conglomeratus,c3
Juncus dudleyi,c3
Juncus effusus,c3
Juncus filiformis,c3
Juncus foliosus,c3
Juncus gerardii,c3
Juncus inflexus,c3
Juncus kochii,c3
Juncus maritimus,c3
Juncus minutulus,c3
Juncus mutabilis,c3
Juncus planifolius,c3
Juncus pygmaeus,c3
Juncus ranarius,c3
Juncus squarrosus,c3
Juncus subnodulosus,c3
Juncus subuliflorus,c3
Juncus tenuis,c3
Juncus trifidus,c3
Juncus triglumis,c3
Juniperus communis,c3
Kalmia angustifolia,c3
Kalmia polifolia,c3
Kalmia procumbens,c3
Kickxia elatine,c3
Kickxia spuria,c3
Knautia arvensis,c3
Kobresia simpliciuscula,c3
Koeleria albescens,c3
Koeleria britannica,c3
Koeleria cristata,c3
Koeleria glauca,c3
Koeleria gracilis,c3
Koeleria macrantha,c3
Koeleria vallesiana,c3
Koenigia islandica,c3
Kohlrauschia nanteuilii,c3
Kohlrauschia prolifera,c3
Laburnum anagyroides,c3
Lactuca muralis,c3
Lactuca saligna,c3
Lactuca serriola,c3
Lactuca virosa,c3
Lagarosiphon major,c3
Lagurus ovatus,c3
Lamiastrum galeobdolon,c3
Lamium album,c3
Lamium amplexicaule,c3
Lamium confertum,c3
Lamium galeobdolon,c3
Lamium hybridum,c3
Lamium moluccellifolium,c3
Lamium purpureum,c3
Lampranthus falciformis,c3
Lapsana communis,c3
Lathyrus aphaca,c3
Lathyrus japonicus,c3
Lathyrus linifolius,c3
Lathyrus maritimus,c3
Lathyrus montanus,c3
Lathyrus niger,c3
Lathyrus nissolia,c3
Lathyrus palustris,c3
Lathyrus pratensis,c3
Lathyrus sylvestris,c3
Lavatera arborea,c3
Lavatera cretica,c3
Ledum groenlandicum,c3
Ledum palustre,c3
Leersia oryzoides,c3
Legousia hybrida,c3
Lembotropis nigricans,c3
Lemna gibba,c3
Lemna minor,c3
Lemna minuscula,c3
Lemna minuta,c3
Lemna polyrhiza,c3
Lemna trisulca,c3
Leontodon autumnalis,c3
Leontodon hispidus,c3
Leontodon saxatilis,c3
Leontodon taraxacoides,c3
Lepidium campestre,c3
Lepidium didymum,c3
Lepidium draba,c3
Lepidium heterophyllum,c3
Lepidium hirtum,c3
Lepidium latifolium,c3
Lepidium pratense,c3
Lepidium ruderale,c3
Lepidium smithii,c3
Lepidium squamatum,c3
Lepidium villarsii,c3
Leucanthemum vulgare,c3
Leucojum aestivum,c3
Leucojum vernum,c3
Leucorchis albida,c3
Leycesteria formosa,c3
Leymus arenarius,c3
Ligusticum scoticum,c3
Ligustrum vulgare,c3
Lilium martagon,c3
Lilium pyrenaicum,c3
Limonium bellidifolium,c3
Limonium binervosum,c3
Limonium binervosum agg.,c3
Limonium humile,c3
Limonium paradoxum,c3
Limonium recurvum,c3
Limonium transwallianum,c3
Limonium vulgare,c3
Limosella aquatica,c3
Limosella australis,c3
Limosella subulata,c3
Linaria dalmatica,c3
Linaria elatine,c3
Linaria genistifolia subsp. dalmatica,c3
Linaria purpurea,c3
Linaria repens,c3
Linaria spuria,c3
Linaria supina,c3
Linaria vulgaris,c3
Linnaea borealis,c3
Linum anglicum,c3
Linum angustifolium,c3
Linum bienne,c3
Linum catharticum,c3
Linum perenne,c3
Liparis loeselii,c3
Listera cordata,c3
Listera ovata,c3
Lithospermum arvense,c3
Lithospermum officinale,c3
Lithospermum purpurocaeruleum,c3
Littorella uniflora,c3
Lloydia serotina,c3
Lobelia dortmanna,c3
Lobelia urens,c3
Lobularia maritima,c3
Logfia minima,c3
Loiseleuria procumbens,c3
Lolium multiflorum,c3
Lolium perenne,c3
Lonicera caprifolium,c3
Lonicera periclymenum,c3
Lonicera xylosteum,c3
Lotus angustissimus,c3
Lotus corniculatus,c3
Lotus glaber,c3
Lotus hispidus,c3
Lotus parviflorus,c3
Lotus pedunculatus,c3
Lotus suaveolens,c3
Lotus subbiflorus,c3
Lotus tenuis,c3
Lotus uliginosus,c3
Lotus villosus,c3
Ludwigia palustris,c3
Lupinus arboreus,c3
Lupinus nootkatensis,c3
Lupinus polyphyllus,c3
Luronium natans,c3
Luzula arcuata,c3
Luzula campestris,c3
Luzula forsteri,c3
Luzula luzuloides,c3
Luzula multiflora,c3
Luzula pallescens,c3
Luzula pallidula,c3
Luzula pilosa,c3
Luzula spicata,c3
Luzula sylvatica,c3
Lychnis alpina,c3
Lychnis flos-cuculi,c3
Lychnis viscaria,c3
Lycium barbarum,c3
Lycium halimifolium,c3
Lycopsis arvensis,c3
Lycopus europaeus,c3
Lymnanthemum peltata,c3
Lysichiton americanus,c3
Lysimachia nemorum,c3
Lysimachia nummularia,c3
Lysimachia punctata,c3
Lysimachia terrestris,c3
Lysimachia thyrsiflora,c3
Lysimachia vulgaris,c3
Lythrum hyssopifolia,c3
Lythrum portula,c3
Lythrum salicaria,c3
Mahonia aquifolium,c3
Maianthemum bifolium,c3
Maianthemum kamtschaticum,c3
Malaxis paludosa,c3
Malus domestica,c3
Malus pumila,c3
Malus sylvestris,c3
Malus sylvestris subsp. mitis,c3
Malva arborea,c3
Malva moschata,c3
Malva neglecta,c3
Malva pseudolavatera,c3
Malva sylvestris,c3
Marrubium vulgare,c3
Matricaria discoidea,c3
Matricaria maritima,c3
Matricaria matricarioides,c3
Matricaria perforata,c3
Matricaria recutita,c3
Matricaria suaveolens,c3
Matthiola incana,c3
Matthiola sinuata,c3
Meconopsis cambrica,c3
Medicago arabica,c3
Medicago hispida,c3
Medicago lupulina,c3
Medicago minima,c3
Medicago nigra,c3
Medicago polymorpha,c3
Medicago sativa,c3
Melampyrum arvense,c3
Melampyrum cristatum,c3
Melampyrum pratense,c3
Melampyrum sylvaticum,c3
Melica nutans,c3
Melica uniflora,c3
Melilotus alba,c3
Melilotus albus,c3
Melilotus altissimus,c3
Melilotus officinalis,c3
Melittis melissophyllum,c3
Mentha aquatica,c3
Mentha arvensis,c3
Mentha hirsuta,c3
Mentha longifolia,c3
Mentha pulegium,c3
Mentha rotundifolia,c3
Mentha scotica,c3
Mentha spicata,c3
Mentha suaveolens,c3
Mentha x verticillata = M. arvensis x M. aquatica,c3
Mentha x villosa,c3
Menyanthes trifoliata,c3
Mercurialis annua,c3
Mercurialis perennis,c3
Mertensia maritima,c3
Mespilus germanica,c3
Meum athamanticum,c3
Mibora minima,c3
Microthlaspi perfoliatum,c3
Milium effusum,c3
Mimulus guttatus,c3
Mimulus luteus,c3
Mimulus moschatus,c3
Mimulus variegatus,c3
Minuartia hybrida,c3
Minuartia recurva,c3
Minuartia rubella,c3
Minuartia sedoides,c3
Minuartia stricta,c3
Minuartia verna,c3
Misopates orontium,c3
Moehringia trinervia,c3
Moenchia erecta,c3
Molinia caerulea,c3
Moneses uniflora,c3
Montia fontana,c3
Montia perfoliata,c3
Montia sibirica,c3
Muehlenbeckia complexa,c3
Muscari atlanticum,c3
Muscari neglectum,c3
Muscari racemosum,c3
Mycelis muralis,c3
Myosotis alpestris,c3
Myosotis arvensis,c3
Myosotis brevifolia,c3
Myosotis cespitosa,c3
Myosotis collina,c3
Myosotis discolor,c3
Myosotis laxa,c3
Myosotis palustris,c3
Myosotis ramosissima,c3
Myosotis repens,c3
Myosotis scorpioides,c3
Myosotis secunda,c3
Myosotis stolonifera,c3
Myosotis strigulosa,c3
Myosotis sylvatica,c3
Myosotis versicolor,c3
Myosoton aquaticum,c3
Myosurus minimus,c3
Myrica gale,c3
Myriophyllum alterniflorum,c3
Myriophyllum spicatum,c3
Myriophyllum verticillatum,c3
Myrrhis odorata,c3
Najas flexilis,c3
Najas marina,c3
Narcissus pseudonarcissus,c3
Nardurus maritimus,c3
Nardus stricta,c3
Narthecium ossifragum,c3
Nasturtium microphyllum,c3
Nasturtium officinale,c3
Nasturtium palustre,c3
Naumburgia thyrsiflora,c3
Neotinea intacta,c3
Neotinea maculata,c3
Neotinea ustulata,c3
Neottia cordata,c3
Neottia ovata,c3
Nepeta cataria,c3
Nepeta glechoma,c3
Noccaea caerulescens,c3
Nuphar lutea,c3
Nuphar pumila,c3
Nymphaea alba,c3
Nymphoides peltata,c3
Odontites verna,c3
Odontites vernus,c3
Oenanthe aquatica,c3
Oenanthe crocata,c3
Oenanthe fistulosa,c3
Oenanthe fluviatilis,c3
Oenanthe lachenalii,c3
Oenanthe pimpinelloides,c3
Oenanthe silaifolia,c3
Oenothera biennis,c3
Oenothera cambrica,c3
Oenothera erythrosepala,c3
Oenothera glazioviana,c3
Oenothera novae-scotiae,c3
Oenothera stricta,c3
Omalotheca norvegica,c3
Omalotheca supinum,c3
Omalotheca sylvatica,c3
Onobrychis viciifolia,c3
Ononis campestris,c3
Ononis reclinata,c3
Ononis repens,c3
Ononis repens subsp. maritima,c3
Ononis repens subsp. spinosa,c3
Ononis spinosa,c3
Onopordum acanthium,c3
Ophrys apifera,c3
Ophrys fuciflora,c3
Ophrys holoserica,c3
Ophrys insectifera,c3
Ophrys sphegodes,c3
Orchis anthropophora,c3
Orchis latifolia var eborensis,c3
Orchis mascula,c3
Orchis militaris,c3
Orchis morio,c3
Orchis pardalina,c3
Orchis purpurea,c3
Orchis simia,c3
Orchis ustulata,c3
Origanum vulgare,c3
Ornithogalum angustifolium,c3
Ornithogalum nutans,c3
Ornithogalum pyrenaicum,c3
Ornithogalum umbellatum,c3
Ornithopus perpusillus,c3
Ornithopus pinnatus,c3
Orthilia secunda,c3
Otanthus maritimus,c3
Oxalis acetosella,c3
Oxalis articulata,c3
Oxalis corniculata,c3
Oxalis europaea,c3
Oxalis floribunda,c3
Oxalis fontana,c3
Oxalis pes-caprae,c3
Oxalis stricta,c3
Oxycoccos palustris,c3
Oxycoccus macrocarpus,c3
Oxycoccus microcarpus,c3
Oxyria digyna,c3
Oxytropis campestris,c3
Oxytropis halleri,c3
Papaver argemone,c3
Papaver commutatum,c3
Papaver dubium,c3
Papaver hybridum,c3
Papaver rhoeas,c3
Papaver somniferum,c3
Papaver strigosum,c3
Paramesus strictus,c3
Parapholis incurva,c3
Parapholis strigosa,c3
Parentucellia viscosa,c3
Parietaria diffusa,c3
Parietaria judaica,c3
Paris quadrifolia,c3
Parnassia palustris,c3
Pastinaca sativa,c3
Pedicularis palustris,c3
Pedicularis sylvatica,c3
Pentaglottis sempervirens,c3
Peplis portula,c3
Pernettya mucronata,c3
Persicaria amphibia,c3
Persicaria bistorta,c3
Persicaria hydropiper,c3
Persicaria lapathifolia,c3
Persicaria laxiflora,c3
Persicaria maculosa,c3
Persicaria minor,c3
Persicaria mitis,c3
Persicaria polystachya,c3
Persicaria vivipara,c3
Persicaria wallichii,c3
Petasites albus,c3
Petasites fragrans,c3
Petasites hybridus,c3
Petasites japonicus,c3
Petrorhagia nanteuilii,c3
Petrorhagia prolifera,c3
Petroselinum segetum,c3
Peucedanum officinale,c3
Peucedanum ostruthium,c3
Peucedanum palustre,c3
Phalaris arundinacea,c3
Phalaris paradoxa,c3
Phleum alpinum,c3
Phleum arenarium,c3
Phleum bertolonii,c3
Phleum commutatum,c3
Phleum hubbardii,c3
Phleum nodosum,c3
Phleum phleoides,c3
Phleum pratense,c3
Phleum pratense subsp. bertolonii,c3
Phleum pratense subsp. serotinum,c3
Phormium colensoi,c3
Phormium cookianum,c3
Phormium tenax,c3
Phragmites australis,c3
Phragmites communis,c3
Phyllodoce caerulea,c3
Physospermum cornubiense,c3
Phyteuma orbiculare,c3
Phyteuma spicatum,c3
Phyteuma tenerum,c3
Picris echioides,c3
Picris hieracioides,c3
Pilosella aurantiaca,c3
Pilosella flagellaris,c3
Pilosella officinarum,c3
Pilosella peleteriana,c3
Pimpinella major,c3
Pimpinella saxifraga,c3
Pinguicula grandiflora,c3
Pinguicula lusitanica,c3
Pinguicula vulgaris,c3
Pinus pinaster,c3
Pinus sylvestris,c3
Pittosporum crassifolium,c3
Plantago coronopus,c3
Plantago lanceolata,c3
Plantago major,c3
Plantago maritima,c3
Plantago media,c3
Platanthera bifolia,c3
Platanthera chlorantha,c3
Poa alpina,c3
Poa angustifolia,c3
Poa annua,c3
Poa balfourii,c3
Poa bulbosa,c3
Poa chaixii,c3
Poa compressa,c3
Poa flexuosa,c3
Poa glauca,c3
Poa humilis,c3
Poa infirma,c3
Poa nemoralis,c3
Poa palustris,c3
Poa pratensis,c3
Poa pratensis subsp. angustifolia,c3
Poa pratensis subsp. irrigata,c3
Poa subcaerulea,c3
Poa trivialis,c3
Poa x jemtlandica = P. flexuosa x P. alpina,c3
Polemonium caeruleum,c3
Polycarpon diphyllum,c3
Polycarpon tetraphyllum,c3
Polygala amara,c3
Polygala amarella,c3
Polygala austriaca,c3
Polygala calcarea,c3
Polygala serpyllifolia,c3
Polygala vulgaris,c3
Polygonatum multiflorum,c3
Polygonatum odoratum,c3
Polygonatum verticillatum,c3
Polygonum amphibium,c3
Polygonum arenastrum,c3
Polygonum aviculare,c3
Polygonum bistorta,c3
Polygonum boreale,c3
Polygonum convolvulus,c3
Polygonum cuspidatum,c3
Polygonum dumetorum,c3
Polygonum hydropiper,c3
Polygonum lapathifolium,c3
Polygonum maritimum,c3
Polygonum minus,c3
Polygonum mite,c3
Polygonum nodosum,c3
Polygonum oxyspermum,c3
Polygonum persicaria,c3
Polygonum polystachyum,c3
Polygonum raii,c3
Polygonum rurivagum,c3
Polygonum sachalinense,c3
Polygonum viviparum,c3
Polypogon monspeliensis,c3
Polypogon paniceus,c3
Populus alba,c3
Populus alba x tremula x canescens,c3
Populus candicans,c3
Populus gileadensis,c3
Populus nigra,c3
Populus tremula,c3
Populus x hybrida,c3
Potamogeton acutifolius,c3
Potamogeton alpinus,c3
Potamogeton berchtoldii,c3
Potamogeton coloratus,c3
Potamogeton compressus,c3
Potamogeton crispus,c3
Potamogeton epihydrus,c3
Potamogeton filiformis,c3
Potamogeton friesii,c3
Potamogeton gramineus,c3
Potamogeton lucens,c3
Potamogeton natans,c3
Potamogeton nodosus,c3
Potamogeton obtusifolius,c3
Potamogeton panormitanus,c3
Potamogeton pectinatus,c3
Potamogeton perfoliatus,c3
Potamogeton polygonifolius,c3
Potamogeton praelongus,c3
Potamogeton pusillus,c3
Potamogeton rutilus,c3
Potamogeton trichoides,c3
Potentilla anglica,c3
Potentilla anserina,c3
Potentilla argentea,c3
Potentilla crantzii,c3
Potentilla erecta,c3
Potentilla fruticosa,c3
Potentilla neumanniana,c3
Potentilla norvegica,c3
Potentilla palustris,c3
Potentilla procumbens,c3
Potentilla recta,c3
Potentilla reptans,c3
Potentilla rupestris,c3
Potentilla sibbaldi,c3
Potentilla sterilis,c3
Potentilla sylvestris,c3
Potentilla tabernaemontani,c3
Poterium officinale,c3
Poterium sanguisorba,c3
Primula acaulis,c3
Primula elatior,c3
Primula farinosa,c3
Primula scotica,c3
Primula veris,c3
Primula vulgaris,c3
Prunella laciniata,c3
Prunella vulgaris,c3
Prunus avium,c3
Prunus domestica,c3
Prunus insititia,c3
Prunus laurocerasus,c3
Prunus mahaleb,c3
Prunus padus,c3
Prunus serotina,c3
Prunus spinosa,c3
Pseudofumaria lutea,c3
Pseudognaphalium luteoalbum,c3
Pseudorchis albida,c3
Pseudosasa japonica,c3
Puccinellia distans,c3
Puccinellia fasciculata,c3
Puccinellia maritima,c3
Puccinellia pseudodistans,c3
Puccinellia rupestris,c3
Pulicaria dysenterica,c3
Pulicaria vulgaris,c3
Pulmonaria angustifolia,c3
Pulmonaria longifolia,c3
Pulmonaria officinalis,c3
Pulsatilla vulgaris,c3
Pyrola media,c3
Pyrola minor,c3
Pyrola rotundifolia,c3
Pyrola secunda,c3
Pyrus cordata,c3
Quercus canariensis,c3
Quercus cerris,c3
Quercus petraea,c3
Quercus robur,c3
Radiola linoides,c3
Ramischia secunda,c3
Ranunculus acris,c3
Ranunculus aquatilis,c3
Ranunculus arvensis,c3
Ranunculus auricomus,c3
Ranunculus baudotii,c3
Ranunculus bulbosus,c3
Ranunculus circinatus,c3
Ranunculus flammula,c3
Ranunculus fluitans,c3
Ranunculus hederaceus,c3
Ranunculus heterophyllus,c3
Ranunculus lenormandii,c3
Ranunculus lingua,c3
Ranunculus muricatus,c3
Ranunculus omiophyllus,c3
Ranunculus ophioglossifolius,c3
Ranunculus parviflorus,c3
Ranunculus peltatus,c3
Ranunculus penicillatus,c3
Ranunculus repens,c3
Ranunculus reptans,c3
Ranunculus sardous,c3
Ranunculus sceleratus,c3
Ranunculus trichophyllus,c3
Ranunculus tripartitus,c3
Raphanus maritimus,c3
Raphanus raphanistrum,c3
Rapistrum hispanicum,c3
Rapistrum orientale,c3
Rapistrum perenne,c3
Rapistrum rugosum,c3
Reseda lutea,c3
Reseda luteola,c3
Reseda stricta,c3
Reynoutria japonica,c3
Reynoutria sachalinensis,c3
Rhamnus cathartica,c3
Rhinanthus angustifolius,c3
Rhinanthus cristal-galli,c3
Rhinanthus minor,c3
Rhinanthus serotinus,c3
Rhododendron luteum,c3
Rhododendron ponticum,c3
Rhynchosinapis monensis,c3
Rhynchosinapis wrightii,c3
Rhynchospora alba,c3
Rhynchospora fusca,c3
Ribes alpinum,c3
Ribes nigrum,c3
Ribes rubrum,c3
Ribes spicatum,c3
Ribes sylvestre,c3
Ribes uva-crispa,c3
Robinia pseudoacacia,c3
Romulea columnae,c3
Rorippa amphibia,c3
Rorippa austriaca,c3
Rorippa islandica,c3
Rorippa microphylla,c3
Rorippa nasturtium-aquaticum,c3
Rorippa palustris,c3
Rorippa sylvestris,c3
Rosa afzeliana,c3
Rosa agrestis,c3
Rosa arvensis,c3
Rosa caesia,c3
Rosa canina,c3
Rosa coriifolia,c3
Rosa corymbifera,c3
Rosa dumalis,c3
Rosa glauca,c3
Rosa micrantha,c3
Rosa mollis,c3
Rosa obtusifolia,c3
Rosa pimpinellifolia,c3
Rosa rubiginosa,c3
Rosa scabriuscula,c3
Rosa sherardii,c3
Rosa spinosissima,c3
Rosa squarrosa,c3
Rosa stylosa,c3
Rosa tomentosa,c3
Rosa villosa,c3
Rosa vosagiaca,c3
Rubia peregrina,c3
Rubus caesius,c3
Rubus chamaemorus,c3
Rubus fruticosus,c3
Rubus idaeus,c3
Rubus phoenicolasius,c3
Rubus saxatilis,c3
Rubus spectabilis,c3
Rudbeckia laciniata,c3
Rumex acetosa,c3
Rumex acetosella,c3
Rumex alpinus,c3
Rumex angiocarpus,c3
Rumex aquaticus,c3
Rumex conglomeratus,c3
Rumex crispus,c3
Rumex frutescens,c3
Rumex hibernicus,c3
Rumex hydrolapathum,c3
Rumex longifolius,c3
Rumex maritimus,c3
Rumex obtusifolius,c3
Rumex palustris,c3
Rumex patientia,c3
Rumex pseudoalpinus,c3
Rumex pulcher,c3
Rumex rugosus,c3
Rumex rupestris,c3
Rumex sanguineus,c3
Rumex tenuifolius,c3
Ruppia cirrhosa,c3
Ruppia maritima,c3
Ruppia spiralis,c3
Ruscus aculeatus,c3
Sagina apetala,c3
Sagina boydii,c3
Sagina ciliata,c3
Sagina filicaulis,c3
Sagina glabra,c3
Sagina intermedia,c3
Sagina maritima,c3
Sagina nivalis,c3
Sagina nodosa,c3
Sagina pilifera,c3
Sagina procumbens,c3
Sagina saginoides,c3
Sagina saginoides subsp. scotica,c3
Sagina subulata,c3
Sagina x normaniana = S. saginoides x S. procumbens,c3
Sagittaria sagittifolia,c3
Salicornia dolichostachya,c3
Salicornia europaea,c3
Salicornia fragilis,c3
Salicornia lutescens,c3
Salicornia nitens,c3
Salicornia obscura,c3
Salicornia perennis,c3
Salicornia pusilla,c3
Salicornia ramosissima,c3
Salix alba,c3
Salix arbuscula,c3
Salix atrocinerea,c3
Salix aurita,c3
Salix caprea,c3
Salix cinerea,c3
Salix cinerea oleifolia,c3
Salix decipiens,c3
Salix fragilis,c3
Salix herbacea,c3
Salix hibernica,c3
Salix lanata,c3
Salix lapponum,c3
Salix myrsinifolia,c3
Salix myrsinites,c3
Salix nigricans,c3
Salix pentandra,c3
Salix phylicifolia,c3
Salix purpurea,c3
Salix repens,c3
Salix reticulata,c3
Salix triandra,c3
Salix viminalis,c3
Salvia horminoides,c3
Salvia pratensis,c3
Salvia verbenaca,c3
Sambucus ebulus,c3
Sambucus nigra,c3
Sambucus pubens,c3
Sambucus racemosa,c3
Sambucus sieboldiana,c3
Samolus valerandi,c3
Sanguisorba minor,c3
Sanguisorba officinalis,c3
Sanicula europaea,c3
Saponaria officinalis,c3
Sarcocornia perennis,c3
Sarothamnus scoparius,c3
Sarracenia purpurea,c3
Sasa palmata,c3
Satureja acinos,c3
Satureja calamintha,c3
Satureja menthifolia,c3
Satureja vulgaris,c3
Saussurea alpina,c3
Saxifraga aizoides,c3
Saxifraga cernua,c3
Saxifraga cespitosa,c3
Saxifraga decipiens,c3
Saxifraga geum,c3
Saxifraga granulata,c3
Saxifraga hirculus,c3
Saxifraga hirsuta,c3
Saxifraga hypnoides,c3
Saxifraga nivalis,c3
Saxifraga oppositifolia,c3
Saxifraga platypetala,c3
Saxifraga rivularis,c3
Saxifraga rosacea,c3
Saxifraga spathularis,c3
Saxifraga stellaris,c3
Saxifraga tridactylites,c3
Saxifraga x urbium = S. umbrosa x S. spathularis,c3
Scabiosa columbaria,c3
Scabiosa pratensis,c3
Scabiosa succisa,c3
Scandix pecten-veneris,c3
Scheuchzeria palustris,c3
Schoenoplectus lacustris,c3
Schoenoplectus tabernaemontani,c3
Schoenoplectus triqueter,c3
Schoenus ferrugineus,c3
Schoenus nigricans,c3
Scilla autumnalis,c3
Scilla verna,c3
Scirpoides holoschoenus,c3
Scirpus cernuus,c3
Scirpus cespitosus,c3
Scirpus fluitans,c3
Scirpus holoschoenus,c3
Scirpus lacustris,c3
Scirpus maritimus,c3
Scirpus setaceus,c3
Scirpus sylvaticus,c3
Scirpus triqueter,c3
Scleranthus annuus,c3
Scleranthus perennis,c3
Scorzonera humilis,c3
Scrophularia aquatica,c3
Scrophularia auriculata,c3
Scrophularia nodosa,c3
Scrophularia scorodonia,c3
Scrophularia umbrosa,c3
Scrophularia vernalis,c3
Scutellaria altissima,c3
Scutellaria galericulata,c3
Scutellaria minor,c3
Securigera varia,c3
Sedum acre,c3
Sedum telephium,c3
Selinum carvifolia,c3
Senecio aquaticus,c3
Senecio bicolor subsp. cineraria,c3
Senecio cambrensis,c3
Senecio campestris,c3
Senecio cineraria,c3
Senecio erraticus,c3
Senecio erucifolius,c3
Senecio fluviatilis,c3
Senecio fuchsii,c3
Senecio integrifolius,c3
Senecio jacobaea,c3
Senecio nemorensis subsp. fuchsii,c3
Senecio ovatus,c3
Senecio paludosus,c3
Senecio smithii,c3
Senecio squalidus,c3
Senecio sylvaticus,c3
Senecio vernalis,c3
Senecio viscosus,c3
Senecio vulgaris,c3
Seriphidium maritimum,c3
Serratula tinctoria,c3
Seseli libanotis,c3
Sesleria albicans,c3
Sesleria caerulea,c3
Sherardia arvensis,c3
Sibbaldia procumbens,c3
Sibthorpia europaea,c3
Sieglingia decumbens,c3
Silaum silaus,c3
Silaus flavescens,c3
Silene acaulis,c3
Silene alba,c3
Silene baccifera,c3
Silene conica,c3
Silene cucubalus,c3
Silene dioica,c3
Silene flos-cuculi,c3
Silene gallica,c3
Silene italica,c3
Silene latifolia,c3
Silene maritima,c3
Silene noctiflora,c3
Silene nutans,c3
Silene otites,c3
Silene pratensis,c3
Silene suecica,c3
Silene uniflora,c3
Silene vulgaris,c3
Silene vulgaris subsp. maritima,c3
Simethis planifolia,c3
Sinapis alba,c3
Sinapis arvensis,c3
Sinarundinaria anceps,c3
Sison amomum,c3
Sisymbrium alliaria,c3
Sisymbrium altissimum,c3
Sisymbrium irio,c3
Sisymbrium loeselii,c3
Sisymbrium officinale,c3
Sisymbrium orientale,c3
Sisymbrium thallianum,c3
Sisyrinchium bermudiana,c3
Sisyrinchium graminoides,c3
Sisyrinchium hibernicum,c3
Sium latifolium,c3
Smyrnium olusatrum,c3
Solanum dulcamara,c3
Solanum nigrum,c3
Solanum sarachoides,c3
Solanum sarrachoides,c3
Solanum triflorum,c3
Soleirolia soleirolii,c3
Solidago altissima,c3
Solidago canadensis,c3
Solidago gigantea,c3
Solidago serotina,c3
Solidago virgaurea,c3
Sonchus arvensis,c3
Sonchus asper,c3
Sonchus oleraceus,c3
Sonchus palustris,c3
Sorbus anglica,c3
Sorbus aria,c3
Sorbus arranensis,c3
Sorbus aucuparia,c3
Sorbus bristoliensis,c3
Sorbus devoniensis,c3
Sorbus eminens,c3
Sorbus hibernica,c3
Sorbus intermedia,c3
Sorbus lancastriensis,c3
Sorbus leptophylla,c3
Sorbus leyana,c3
Sorbus minima,c3
Sorbus porrigentiformis,c3
Sorbus pseudofennica,c3
Sorbus rupicola,c3
Sorbus subcuneata,c3
Sorbus torminalis,c3
Sorbus vexans,c3
Sorbus wilmottiana,c3
Sparganium angustifolium,c3
Sparganium emersum,c3
Sparganium erectum,c3
Sparganium minimum,c3
Sparganium natans,c3
Spergula arvensis,c3
Spergularia arvensis,c3
Spergularia bocconei,c3
Spergularia marginata,c3
Spergularia marina,c3
Spergularia maritima,c3
Spergularia media,c3
Spergularia rubra,c3
Spergularia rupicola,c3
Spiraea alba,c3
Spiraea filipendula,c3
Spiraea salicifolia,c3
Spiranthes romanzoffiana,c3
Spiranthes spiralis,c3
Spirodela polyrhiza,c3
Stachys alpina,c3
Stachys arvensis,c3
Stachys germanica,c3
Stachys officinalis,c3
Stachys palustris,c3
Stachys sylvatica,c3
Stellaria alsine,c3
Stellaria aquatica,c3
Stellaria graminea,c3
Stellaria holostea,c3
Stellaria media,c3
Stellaria neglecta,c3
Stellaria nemorum,c3
Stellaria pallida,c3
Stellaria palustris,c3
Stellaria uliginosa,c3
Steris alpina,c3
Steris viscaria,c3
Stratiotes aloides,c3
Suaeda fruticosa,c3
Suaeda maritima,c3
Suaeda vera,c3
Subularia aquatica,c3
Succisa pratensis,c3
Swida sanguinea,c3
Symphoricarpos albus,c3
Symphoricarpos racemosus,c3
Symphoricarpos rivularis,c3
Symphytum grandiflorum,c3
Symphytum ibiricum,c3
Symphytum officinale,c3
Symphytum orientale,c3
Symphytum tuberosum,c3
Symphytum x uplandicum = S. officinale x S. asperum,c3
Tamus communis,c3
Tanacetum parthenium,c3
Tanacetum vulgare,c3
Taraxacum ceratolobum,c3
Taraxacum faeroense,c3
Taraxacum fulvum,c3
Taraxacum gelertii,c3
Taraxacum obliquum,c3
Taraxacum officinale agg.,c3
Taraxacum palustre,c3
Taraxacum praestans,c3
Taraxacum simile,c3
Taraxacum unguilobum,c3
Taxus baccata,c3
Teesdalia nudicaulis,c3
Tellima grandiflora,c3
Tephroseris integrifolia,c3
Tetragonolobus maritimus,c3
Teucrium botrys,c3
Teucrium scordium,c3
Teucrium scorodonia,c3
Thalictrum alpinum,c3
Thalictrum flavum,c3
Thalictrum minus,c3
Thelycrania sanguinea,c3
Thesium humifusum,c3
Thlaspi alliaceum,c3
Thlaspi alpestre,c3
Thlaspi arvense,c3
Thlaspi caerulescens,c3
Thlaspi calaminare,c3
Thlaspi perfoliatum,c3
Thymus drucei,c3
Thymus polytrichus,c3
Thymus praecox,c3
Thymus pulegioides,c3
Thymus serpyllum,c3
Tilia cordata,c3
Tilia platyphyllos,c3
Tofieldia pusilla,c3
Tolmiea menziesii,c3
Torilis japonica,c3
Torilis nodosa,c3
Trachystemon orientalis,c3
Tragopogon pratensis,c3
Trichophorum cespitosum,c3
Trientalis europaea,c3
Trifolium arvense,c3
Trifolium aureum,c3
Trifolium bocconei,c3
Trifolium campestre,c3
Trifolium dubium,c3
Trifolium filiforme,c3
Trifolium fragiferum,c3
Trifolium glomeratum,c3
Trifolium hybridum,c3
Trifolium incarnatum,c3
Trifolium incarnatum molinerii,c3
Trifolium medium,c3
Trifolium micranthum,c3
Trifolium occidentale,c3
Trifolium ochroleucon,c3
Trifolium ornithopodioides,c3
Trifolium pratense,c3
Trifolium repens,c3
Trifolium scabrum,c3
Trifolium squamosum,c3
Trifolium striatum,c3
Trifolium strictum,c3
Trifolium subterraneum,c3
Trifolium suffocatum,c3
Triglochin maritima,c3
Triglochin maritimum,c3
Triglochin palustre,c3
Triglochin palustris,c3
Trinia glauca,c3
Tripleurospermum inodorum,c3
Tripleurospermum maritimum,c3
Tripleurospermum maritimum subsp. inodorum,c3
Trisetum flavescens,c3
Tritonia crocosmiflora,c3
Trollius europaeus,c3
Tuberaria guttata,c3
Tulipa sylvestris,c3
Turritis glabra,c3
Tussilago farfara,c3
Typha angustifolia,c3
Typha latifolia,c3
Ulex europaeus,c3
Ulex gallii,c3
Ulex minor,c3
Ulex nanus,c3
Ulmus angustifolia,c3
Ulmus carpinifolia,c3
Ulmus diversifolia,c3
Ulmus glabra,c3
Ulmus minor,c3
Ulmus minor var. vulgaris,c3
Ulmus procera,c3
Ulmus sarniensis,c3
Ulmus stricta,c3
Urtica dioica,c3
Urtica urens,c3
Utricularia australis,c3
Utricularia intermedia,c3
Utricularia minor,c3
Utricularia neglecta,c3
Utricularia ochroleuca,c3
Utricularia stygia,c3
Utricularia vulgaris,c3
Vaccinium corymbosum,c3
Vaccinium macrocarpon,c3
Vaccinium microcarpum,c3
Vaccinium myrtillus,c3
Vaccinium oxycoccos,c3
Vaccinium uliginosum,c3
Vaccinium vitis-idaea,c3
Valeriana dioica,c3
Valeriana officinalis,c3
Valeriana pyrenaica,c3
Valeriana sambucifolia,c3
Valerianella carinata,c3
Valerianella dentata,c3
Valerianella eriocarpa,c3
Valerianella locusta,c3
Valerianella olitaria,c3
Valerianella rimosa,c3
Vallisneria spiralis,c3
Verbascum lychnitis,c3
Verbascum nigrum,c3
Verbascum pulverulentum,c3
Verbascum thapsus,c3
Verbascum virgatum,c3
Verbena officinalis,c3
Veronica agrestis,c3
Veronica alpina,c3
Veronica anagallis-aquatica,c3
Veronica arvensis,c3
Veronica austriaca,c3
Veronica beccabunga,c3
Veronica catenata,c3
Veronica chamaedrys,c3
Veronica filiformis,c3
Veronica fruticans,c3
Veronica hederifolia,c3
Veronica montana,c3
Veronica officinalis,c3
Veronica peregrina,c3
Veronica persica,c3
Veronica polita,c3
Veronica praecox,c3
Veronica salicifolia,c3
Veronica scutellata,c3
Veronica serpyllifolia,c3
Veronica spicata,c3
Veronica triphyllos,c3
Veronica verna,c3
Viburnum lantana,c3
Viburnum opulus,c3
Vicia angustifolia,c3
Vicia bithynica,c3
Vicia cracca,c3
Vicia gemella,c3
Vicia gracilis,c3
Vicia hirsuta,c3
Vicia laevigata,c3
Vicia lathyroides,c3
Vicia laxiflora,c3
Vicia lutea,c3
Vicia orobus,c3
Vicia parviflora,c3
Vicia sativa,c3
Vicia sepium,c3
Vicia sylvatica,c3
Vicia tenuissima,c3
Vicia tetrasperma,c3
Vicia tetrasperma subsp. gracilis,c3
Vinca herbacea,c3
Vinca major,c3
Vinca minor,c3
Viola arvensis,c3
Viola canina,c3
Viola cornuta,c3
Viola hirta,c3
Viola kitaibeliana,c3
Viola lactea,c3
Viola lutea,c3
Viola odorata,c3
Viola palustris,c3
Viola persicifolia,c3
Viola reichenbachiana,c3
Viola riviniana,c3
Viola rupestris,c3
Viola stagnina,c3
Viola sylvestris,c3
Viola tricolor,c3
Viscaria alpina,c3
Viscaria vulgaris,c3
Viscum album,c3
Vitis vinifera,c3
Vulpia bromoides,c3
Vulpia ciliata,c3
Vulpia fasciculata,c3
Vulpia megalura,c3
Vulpia membranacea,c3
Vulpia myuros,c3
Vulpia unilateralis,c3
Wahlenbergia hederacea,c3
Wolffia arrhiza,c3
Zannichellia palustris,c3
Zerna benekenii,c3
Zerna erecta,c3
Zerna ramosa,c3
Zostera angustifolia,c3
Zostera marina,c3
Zostera noltei,c3
Amaranthus hypochondriacus,c4
Atriplex hastata,c4
Atriplex laciniata,c4
Atriplex prostrata,c4
Bassia scoparia,c4
Cynodon dactylon,c4
Cyperus longus,c4
Portulaca oleracea,c4
Salsola kali,c4
Spartina alterniflora,c4
Spartina anglica,c4
Spartina glabra,c4
Aster tripolium,cam
Carpobrotus edulis,cam
Crassula aquatica,cam
Crassula helmsii,cam
Crassula helmsii,cam
Crassula helmsii,cam
Crassula recurva,cam
Crassula recurva,cam
Crassula recurva,cam
Geranium pratense,cam
Littorella uniflora,cam
Littorella uniflora,cam
Ochagavia carnea,cam
Sedum acre,cam
Sedum telephium,cam
Tillaea aquatica,cam
Tillaea recurva,cam
Tillaea recurva,cam
Tillaea recurva,cam
Ranunculus ficaria,c3
Sedum album,cam
Spartina maritima,c4
Spartina x townsendii,c4